id,first_name,last_name,email,gender,ip_address
1,Ronna,Clynmans,rclynmans0@adobe.com,Female,135.15.203.92
2,Madlen,Lamblin,mlamblin1@g.co,Male,246.101.253.1
3,Latia,Ellerker,lellerker2@salon.com,Female,242.77.93.65
4,Kissiah,Daviot,kdaviot3@plala.or.jp,Polygender,145.229.98.181
5,Aurelie,Dugget,adugget4@scientificamerican.com,Bigender,142.165.153.236
6,Binni,Judron,bjudron5@yale.edu,Female,198.98.105.123
7,Loralie,Weavill,lweavill6@flavors.me,Female,16.183.148.199
8,Dalton,Nurse,dnurse7@biblegateway.com,Male,29.83.125.236
9,Marylou,Station,mstation8@twitter.com,Male,214.80.225.120
10,Barnett,Goshawke,bgoshawke9@dot.gov,Male,78.13.206.86
11,Mort,Olding,moldinga@yale.edu,Male,93.52.140.23
12,Martguerita,Pride,mprideb@vk.com,Non-binary,172.110.22.103
13,Zach,Trumble,ztrumblec@e-recht24.de,Female,151.202.218.253
14,Alisander,Wandrach,awandrachd@ning.com,Female,177.159.89.116
15,Hollyanne,Scardifield,hscardifielde@csmonitor.com,Genderqueer,235.221.192.32
16,Gale,Porritt,gporrittf@indiegogo.com,Female,176.115.121.29
17,Teddy,Slocomb,tslocombg@cnet.com,Female,41.6.38.197
18,Brena,O'Neary,bonearyh@csmonitor.com,Bigender,208.62.92.99
19,Barbaraanne,Musterd,bmusterdi@si.edu,Genderfluid,221.146.143.90
20,Dix,Gingedale,dgingedalej@rakuten.co.jp,Polygender,211.100.81.84
21,Vilhelmina,Tedder,vtedderk@yahoo.com,Agender,97.229.63.183
22,Raven,Ipgrave,ripgravel@mozilla.org,Male,30.254.203.127
23,Marybelle,Bird,mbirdm@networkadvertising.org,Female,90.168.185.134
24,Retha,Hulk,rhulkn@pinterest.com,Polygender,158.54.195.111
25,Jacquie,Wardel,jwardelo@zimbio.com,Male,99.233.77.129
26,Lotty,Bawcock,lbawcockp@imdb.com,Female,155.6.93.34
27,Martguerita,Pilley,mpilleyq@oakley.com,Male,13.124.110.175
28,Gabbey,Di Franceschi,gdifranceschir@mapy.cz,Male,92.43.56.93
29,Pattin,Drayn,pdrayns@ca.gov,Female,221.199.186.64
30,Ray,Haizelden,rhaizeldent@bloglovin.com,Genderfluid,126.97.114.207
31,Adolphus,McKeating,amckeatingu@ovh.net,Male,128.81.157.20
32,Mable,Somersett,msomersettv@alibaba.com,Female,234.176.170.218
33,Weider,Tuer,wtuerw@reference.com,Male,113.251.135.85
34,Basile,Shearsby,bshearsbyx@google.co.uk,Male,68.215.10.91
35,Lovell,Neissen,lneisseny@hibu.com,Female,228.244.44.76
36,Jenelle,Botwright,jbotwrightz@last.fm,Male,42.255.31.81
37,Clare,Calderbank,ccalderbank10@phoca.cz,Male,227.219.176.117
38,Regina,Remirez,rremirez11@toplist.cz,Non-binary,46.114.234.245
39,Shoshanna,Zink,szink12@abc.net.au,Female,70.109.94.154
40,Ellissa,Norley,enorley13@pagesperso-orange.fr,Genderqueer,119.185.79.127
41,Morganica,Horwell,mhorwell14@forbes.com,Female,155.153.219.94
42,Beck,Blayd,bblayd15@odnoklassniki.ru,Male,226.126.136.206
43,Timothea,Antonetti,tantonetti16@utexas.edu,Male,22.73.220.112
44,Dona,Wais,dwais17@oaic.gov.au,Female,95.14.226.148
45,Cal,Cave,ccave18@last.fm,Female,138.7.62.69
46,Darbie,Moscrop,dmoscrop19@state.gov,Male,91.236.54.4
47,Kareem,Mithan,kmithan1a@salon.com,Male,229.190.161.71
48,Fee,Screach,fscreach1b@ning.com,Female,29.202.189.123
49,Ashia,Cox,acox1c@usa.gov,Female,47.92.203.93
50,Ashleigh,Hitter,ahitter1d@ow.ly,Female,245.193.15.203
51,Scarlett,Harse,sharse1e@auda.org.au,Female,179.208.10.173
52,Becca,Daulton,bdaulton1f@pcworld.com,Female,53.94.123.37
53,Osborne,Varey,ovarey1g@taobao.com,Genderfluid,161.104.224.205
54,Hadlee,Badcock,hbadcock1h@i2i.jp,Female,16.125.126.160
55,Marven,Melmore,mmelmore1i@g.co,Male,246.38.16.123
56,Denyse,Bice,dbice1j@google.ca,Male,214.193.187.21
57,Neda,Budnk,nbudnk1k@blogs.com,Male,110.63.115.158
58,Bruis,Oty,boty1l@tripadvisor.com,Female,241.212.164.118
59,Stacie,Benedtti,sbenedtti1m@youtu.be,Male,245.182.196.46
60,Haley,Axtens,haxtens1n@wired.com,Female,202.195.38.160
61,Alysia,Armor,aarmor1o@exblog.jp,Female,131.220.155.127
62,Lester,Britian,lbritian1p@etsy.com,Female,128.91.19.242
63,Rollie,Btham,rbtham1q@jigsy.com,Female,51.169.179.104
64,Nels,Blancowe,nblancowe1r@tamu.edu,Female,79.80.93.69
65,Goldie,Caccavella,gcaccavella1s@nyu.edu,Female,214.125.84.242
66,Edan,Beggan,ebeggan1t@joomla.org,Female,168.85.34.246
67,Isaiah,Stivens,istivens1u@tinypic.com,Genderqueer,42.78.132.117
68,Ruthanne,Farndell,rfarndell1v@ftc.gov,Male,44.39.156.7
69,Tedra,Wykes,twykes1w@sourceforge.net,Female,149.106.183.69
70,Heinrik,Leyburn,hleyburn1x@eventbrite.com,Male,68.49.186.62
71,Nicolea,Hinz,nhinz1y@imgur.com,Female,9.23.224.242
72,Brunhilde,Sproul,bsproul1z@microsoft.com,Female,68.180.42.42
73,Jasmin,Gurney,jgurney20@printfriendly.com,Genderqueer,248.221.234.74
74,Artemus,Wadie,awadie21@mediafire.com,Male,59.45.38.35
75,Daisie,Lawden,dlawden22@howstuffworks.com,Female,87.134.253.253
76,Dee,Kupke,dkupke23@imgur.com,Female,121.113.138.178
77,Merrie,Brik,mbrik24@reddit.com,Male,216.88.47.164
78,Read,Wiffler,rwiffler25@cdbaby.com,Male,118.187.32.197
79,Helge,Spanswick,hspanswick26@homestead.com,Female,3.123.207.93
80,Lynnea,Limpkin,llimpkin27@sphinn.com,Male,75.4.94.139
81,Thomas,Nurse,tnurse28@elpais.com,Female,172.72.222.65
82,Kippie,Hallbord,khallbord29@so-net.ne.jp,Male,77.108.47.142
83,Muhammad,Robison,mrobison2a@upenn.edu,Female,36.184.73.78
84,Orbadiah,Gajewski,ogajewski2b@utexas.edu,Male,216.48.136.49
85,Letta,Weatherhead,lweatherhead2c@deliciousdays.com,Female,16.204.20.37
86,Bay,Farrear,bfarrear2d@prweb.com,Male,83.76.88.170
87,Justino,Elmhurst,jelmhurst2e@nature.com,Female,181.219.167.159
88,Nerita,Kegg,nkegg2f@berkeley.edu,Bigender,234.164.78.127
89,Del,Whorall,dwhorall2g@mayoclinic.com,Male,40.140.199.59
90,Ellissa,Toxell,etoxell2h@squarespace.com,Male,157.87.232.205
91,Heath,Fort,hfort2i@ihg.com,Female,249.239.132.65
92,Zandra,Gallacher,zgallacher2j@nih.gov,Male,174.146.137.179
93,Tisha,Cabotto,tcabotto2k@upenn.edu,Male,99.203.87.119
94,Liza,Loadwick,lloadwick2l@npr.org,Female,167.223.91.242
95,Dianna,Dumbrall,ddumbrall2m@wordpress.org,Agender,210.99.210.158
96,Tessi,Mieville,tmieville2n@paypal.com,Female,58.11.175.109
97,Delmore,Dickie,ddickie2o@youtu.be,Female,187.183.174.210
98,Tibold,Lune,tlune2p@imageshack.us,Female,40.153.105.226
99,Lise,Grigolashvill,lgrigolashvill2q@163.com,Female,168.116.133.208
100,Warren,Aish,waish2r@nbcnews.com,Male,101.251.196.19
101,Hedi,Ogborne,hogborne2s@google.ca,Male,178.24.252.200
102,Arni,Troubridge,atroubridge2t@sphinn.com,Female,85.86.202.33
103,Westbrook,Eastam,weastam2u@list-manage.com,Male,149.162.7.164
104,Aggie,Todarello,atodarello2v@parallels.com,Female,28.115.188.200
105,Meridel,Martschke,mmartschke2w@oracle.com,Genderfluid,223.152.191.46
106,Ursala,Seif,useif2x@psu.edu,Female,63.148.51.179
107,Tamarra,Tubritt,ttubritt2y@reverbnation.com,Male,117.94.114.197
108,Sheela,Clooney,sclooney2z@bbc.co.uk,Male,79.1.155.254
109,Dianne,Pascoe,dpascoe30@drupal.org,Female,76.14.158.248
110,Shayla,Betterton,sbetterton31@altervista.org,Polygender,102.83.212.43
111,Mill,Abdie,mabdie32@feedburner.com,Male,9.79.68.5
112,Alexis,Kinchington,akinchington33@typepad.com,Female,221.165.18.115
113,Lillian,Nisuis,lnisuis34@toplist.cz,Female,195.236.225.186
114,Harmon,Ballay,hballay35@tumblr.com,Female,211.98.106.202
115,Tallia,Benam,tbenam36@ameblo.jp,Male,188.133.252.234
116,Edd,Meeny,emeeny37@quantcast.com,Female,61.175.66.85
117,Mersey,Perelli,mperelli38@un.org,Male,76.94.3.128
118,Kinsley,McPeeters,kmcpeeters39@networkadvertising.org,Male,141.168.190.252
119,Jennifer,Peggram,jpeggram3a@seesaa.net,Female,114.19.211.11
120,Cherin,Deighton,cdeighton3b@spotify.com,Male,105.174.113.96
121,Harp,Barck,hbarck3c@deviantart.com,Female,210.177.185.61
122,Steffen,Fewings,sfewings3d@latimes.com,Female,207.34.85.134
123,Shauna,Yeats,syeats3e@freewebs.com,Male,232.71.112.162
124,Caleb,Elder,celder3f@printfriendly.com,Male,234.36.89.224
125,Hynda,Millott,hmillott3g@illinois.edu,Male,97.80.129.164
126,Lonnie,Clemenson,lclemenson3h@archive.org,Male,69.175.77.225
127,Phyllys,Jilliss,pjilliss3i@bandcamp.com,Female,92.1.233.204
128,Liesa,Prigg,lprigg3j@slashdot.org,Male,190.152.246.64
129,Kimble,Hirtzmann,khirtzmann3k@uiuc.edu,Male,66.88.25.9
130,Gerda,Berzin,gberzin3l@friendfeed.com,Male,107.8.31.35
131,Ellen,Lattimore,elattimore3m@umich.edu,Male,116.228.188.93
132,Devlen,Linwood,dlinwood3n@nhs.uk,Male,91.24.87.141
133,Mallory,Plester,mplester3o@google.fr,Female,118.95.54.189
134,Vincenty,Celloni,vcelloni3p@lulu.com,Female,6.177.72.12
135,Ami,O'Dowling,aodowling3q@discovery.com,Female,110.183.194.84
136,Meyer,Isaak,misaak3r@weibo.com,Male,208.176.153.203
137,Ezequiel,McClintock,emcclintock3s@barnesandnoble.com,Male,98.181.212.100
138,Fax,Hutt,fhutt3t@shareasale.com,Female,132.132.89.172
139,Britte,McDiarmid,bmcdiarmid3u@ed.gov,Male,117.49.37.161
140,Creigh,McIndrew,cmcindrew3v@timesonline.co.uk,Female,89.125.13.80
141,Jodie,Thowless,jthowless3w@npr.org,Female,77.177.191.23
142,Phillie,Greggersen,pgreggersen3x@mapy.cz,Female,30.85.165.196
143,Rheta,Giacaponi,rgiacaponi3y@163.com,Male,142.220.193.217
144,Sella,Everest,severest3z@mit.edu,Agender,250.113.83.170
145,Thadeus,Karolczyk,tkarolczyk40@samsung.com,Female,228.232.12.66
146,Franky,Duffyn,fduffyn41@yale.edu,Male,188.251.236.251
147,Robbin,Sugden,rsugden42@booking.com,Male,218.44.247.37
148,Wynnie,Burnett,wburnett43@slashdot.org,Male,7.157.233.15
149,Ferrell,Gong,fgong44@walmart.com,Female,23.13.248.74
150,Trev,Offa,toffa45@devhub.com,Genderfluid,82.20.50.209
151,Rebe,Woods,rwoods46@illinois.edu,Male,129.168.39.177
152,Millisent,Dawidowitsch,mdawidowitsch47@slashdot.org,Male,126.53.170.232
153,Fitzgerald,Cantrell,fcantrell48@networksolutions.com,Female,65.139.17.77
154,Sharron,Frisch,sfrisch49@ezinearticles.com,Female,74.217.43.99
155,Moshe,Merner,mmerner4a@diigo.com,Female,82.226.113.115
156,Ardene,Crumpe,acrumpe4b@java.com,Female,127.58.40.55
157,Paola,Bastard,pbastard4c@edublogs.org,Male,0.115.215.171
158,Suellen,Ahearne,sahearne4d@xing.com,Female,26.185.173.126
159,Nichol,Haet,nhaet4e@dmoz.org,Female,112.230.81.80
160,Ethelin,Lodford,elodford4f@g.co,Female,86.102.118.75
161,Maxi,Gritland,mgritland4g@virginia.edu,Male,11.98.206.163
162,Olvan,Inchley,oinchley4h@slideshare.net,Male,0.133.135.176
163,Jazmin,Dybald,jdybald4i@reuters.com,Male,44.50.164.25
164,Ailbert,Schiersch,aschiersch4j@xinhuanet.com,Male,8.87.108.108
165,Gilli,O'Sheerin,gosheerin4k@examiner.com,Female,218.240.36.164
166,Maryrose,Huccaby,mhuccaby4l@simplemachines.org,Male,36.82.104.73
167,Nicolea,O'Scully,noscully4m@mac.com,Male,148.136.187.103
168,Tucker,Fake,tfake4n@xing.com,Female,117.15.93.20
169,Heather,Witten,hwitten4o@engadget.com,Male,135.116.119.27
170,Amity,Bentson,abentson4p@jigsy.com,Male,172.35.53.29
171,Doralin,Roostan,droostan4q@whitehouse.gov,Female,97.52.50.149
172,Uriah,Trustie,utrustie4r@t.co,Female,2.13.167.142
173,Kylynn,Frawley,kfrawley4s@free.fr,Female,76.102.119.100
174,Barbey,Pilger,bpilger4t@npr.org,Male,136.44.99.144
175,Willow,Westfalen,wwestfalen4u@sbwire.com,Male,0.161.251.24
176,Ezequiel,Chestney,echestney4v@4shared.com,Male,223.132.106.23
177,Waldo,Baskerfield,wbaskerfield4w@myspace.com,Female,66.45.129.21
178,Ursula,Layhe,ulayhe4x@sitemeter.com,Male,157.163.252.40
179,Ethelbert,Curro,ecurro4y@i2i.jp,Female,221.90.118.51
180,Patsy,MacGarrity,pmacgarrity4z@japanpost.jp,Male,50.183.85.4
181,Hersh,Kondratyuk,hkondratyuk50@unicef.org,Non-binary,55.109.245.39
182,Marten,Thornborrow,mthornborrow51@nsw.gov.au,Female,70.77.121.89
183,Mendel,Minnis,mminnis52@umn.edu,Female,129.80.237.119
184,Nevile,Keppy,nkeppy53@hostgator.com,Male,180.4.172.233
185,Evita,Keme,ekeme54@princeton.edu,Female,145.231.12.152
186,Garik,Lots,glots55@theguardian.com,Female,48.30.114.82
187,Rozanne,Alpe,ralpe56@hugedomains.com,Female,156.197.57.77
188,Cal,Parfrey,cparfrey57@networksolutions.com,Agender,112.243.147.8
189,Theodore,Robart,trobart58@webs.com,Male,115.61.219.212
190,Reece,Mabbott,rmabbott59@e-recht24.de,Female,86.13.211.18
191,Susann,Sharpless,ssharpless5a@chicagotribune.com,Male,232.221.195.71
192,Danice,Betjeman,dbetjeman5b@tinypic.com,Female,118.242.80.164
193,Karoline,Bartalin,kbartalin5c@multiply.com,Female,152.15.153.206
194,Norene,Yakovl,nyakovl5d@hhs.gov,Male,183.230.127.161
195,Alis,Kilcoyne,akilcoyne5e@go.com,Female,253.54.87.186
196,Delila,Leipelt,dleipelt5f@youtube.com,Female,97.186.203.28
197,Lonna,Dell Casa,ldellcasa5g@feedburner.com,Male,2.60.200.36
198,Tally,Ende,tende5h@house.gov,Male,150.70.138.192
199,Kathye,Shobrook,kshobrook5i@twitter.com,Female,212.254.166.19
200,Stillman,Hadwin,shadwin5j@hp.com,Male,197.17.240.102
201,Kenna,Lochran,klochran5k@linkedin.com,Female,110.123.141.186
202,Ingamar,Jailler,ijailler5l@devhub.com,Female,12.119.228.43
203,Lew,Wharmby,lwharmby5m@ucla.edu,Genderqueer,2.77.81.69
204,Townie,Kidston,tkidston5n@va.gov,Male,16.71.55.11
205,Aggi,Cosin,acosin5o@wisc.edu,Female,206.124.22.154
206,Wendye,Sever,wsever5p@nps.gov,Male,109.84.251.45
207,Lucie,Rate,lrate5q@soup.io,Non-binary,227.84.112.156
208,Daven,McMichell,dmcmichell5r@clickbank.net,Male,190.49.68.252
209,Brietta,Yaldren,byaldren5s@cafepress.com,Male,22.172.19.210
210,Gwenore,Brugger,gbrugger5t@nature.com,Male,11.229.94.173
211,Binky,Root,broot5u@twitter.com,Female,254.4.188.50
212,Harald,Ormrod,hormrod5v@ucsd.edu,Male,183.174.35.97
213,Jena,Longbothom,jlongbothom5w@mapy.cz,Male,177.71.169.115
214,Joby,McMullen,jmcmullen5x@freewebs.com,Male,35.94.233.33
215,Flossy,Bramall,fbramall5y@cargocollective.com,Male,97.51.243.19
216,Frayda,Blackborne,fblackborne5z@oakley.com,Male,151.140.58.108
217,Emlen,Riordan,eriordan60@hhs.gov,Female,237.203.175.69
218,Alasdair,Giamo,agiamo61@berkeley.edu,Male,47.171.186.23
219,Ricky,Culkin,rculkin62@google.es,Male,198.178.181.1
220,Brade,Creek,bcreek63@merriam-webster.com,Male,105.239.231.107
221,Eward,Whistan,ewhistan64@google.nl,Female,177.77.77.97
222,Michel,Praundl,mpraundl65@irs.gov,Male,245.212.4.248
223,Karlis,Longmate,klongmate66@hhs.gov,Male,120.47.231.101
224,Sylvester,Moland,smoland67@usa.gov,Female,218.5.248.109
225,Shandra,Picott,spicott68@xing.com,Female,60.110.106.163
226,Louisa,Leroy,lleroy69@accuweather.com,Female,101.12.15.16
227,Georgie,Glinde,gglinde6a@noaa.gov,Female,169.125.171.201
228,Walker,Sapey,wsapey6b@blogs.com,Male,123.216.237.147
229,Coleen,Bertson,cbertson6c@weebly.com,Female,206.28.58.128
230,Jennica,Mistry,jmistry6d@cdbaby.com,Polygender,74.115.118.155
231,Darrick,Chape,dchape6e@nba.com,Female,77.111.205.172
232,Remington,Goricke,rgoricke6f@blogs.com,Polygender,23.24.202.116
233,Arnaldo,Whiley,awhiley6g@360.cn,Male,250.191.230.219
234,Lydia,Loxton,lloxton6h@wordpress.com,Female,147.252.58.119
235,Timmy,O'Towey,totowey6i@nymag.com,Female,35.194.220.222
236,Gavra,Whilde,gwhilde6j@time.com,Female,125.226.148.229
237,Jannel,Rush,jrush6k@exblog.jp,Female,223.75.182.143
238,Melina,Etienne,metienne6l@globo.com,Female,111.196.250.198
239,Isahella,Fazan,ifazan6m@wikimedia.org,Female,63.238.17.190
240,Cobbie,Danielian,cdanielian6n@mac.com,Female,33.199.220.220
241,Verile,Caffin,vcaffin6o@ted.com,Bigender,58.153.247.3
242,Shantee,Tunnicliff,stunnicliff6p@prweb.com,Male,70.206.168.232
243,Vinni,Jeaves,vjeaves6q@google.fr,Male,187.65.12.135
244,Orin,Werrilow,owerrilow6r@yahoo.co.jp,Male,80.196.6.90
245,Nessie,Wissby,nwissby6s@indiatimes.com,Male,41.190.120.76
246,Corena,Fraine,cfraine6t@huffingtonpost.com,Male,83.81.151.181
247,Marcus,Malletratt,mmalletratt6u@businessinsider.com,Female,86.194.232.52
248,Kristoforo,Aysik,kaysik6v@sitemeter.com,Female,14.207.18.188
249,Essa,Danilov,edanilov6w@businessweek.com,Female,196.203.126.203
250,Nelson,Kirsz,nkirsz6x@usda.gov,Male,202.84.33.194
251,Sheffie,Coulsen,scoulsen6y@time.com,Female,140.161.63.1
252,Abel,Cadigan,acadigan6z@yellowbook.com,Female,171.112.251.132
253,Kerianne,Clawsley,kclawsley70@vistaprint.com,Male,0.158.126.147
254,Lennard,Lernihan,llernihan71@globo.com,Female,237.66.75.186
255,Tobe,Deakan,tdeakan72@theatlantic.com,Female,88.12.23.182
256,Monty,Ruprecht,mruprecht73@dot.gov,Male,7.93.75.75
257,Frederik,MacCardle,fmaccardle74@dell.com,Male,32.129.204.67
258,Franciska,Andras,fandras75@indiatimes.com,Genderqueer,174.99.248.110
259,Anita,Tinkham,atinkham76@netlog.com,Male,239.98.112.31
260,Avram,Webermann,awebermann77@mapy.cz,Female,145.138.131.18
261,Billy,Ratke,bratke78@mediafire.com,Male,86.232.191.137
262,Harriette,Hardstaff,hhardstaff79@w3.org,Male,5.216.231.11
263,Vaclav,Greggs,vgreggs7a@paginegialle.it,Male,246.163.179.178
264,Elke,Dicke,edicke7b@disqus.com,Genderqueer,17.123.135.220
265,Brockie,Ailward,bailward7c@over-blog.com,Female,225.201.74.20
266,Lorene,De Maine,ldemaine7d@comsenz.com,Male,19.110.165.94
267,Gibb,Reardon,greardon7e@typepad.com,Female,89.28.82.140
268,Alidia,Delle,adelle7f@scribd.com,Female,8.116.159.151
269,Christophorus,Ibell,cibell7g@aboutads.info,Male,13.248.199.18
270,Wolfgang,Heaven,wheaven7h@tuttocitta.it,Male,152.96.17.172
271,Sollie,Caldwall,scaldwall7i@shareasale.com,Female,175.155.177.52
272,Jefferey,Karim,jkarim7j@ox.ac.uk,Female,175.82.82.125
273,Grant,Middell,gmiddell7k@vkontakte.ru,Bigender,126.161.33.171
274,Wildon,Northrop,wnorthrop7l@ucsd.edu,Female,233.141.163.112
275,Irwinn,Ellams,iellams7m@mapy.cz,Male,59.14.73.160
276,Janel,Alldre,jalldre7n@gmpg.org,Male,36.86.42.72
277,Erie,McWhan,emcwhan7o@php.net,Female,152.116.44.133
278,Ban,Handrock,bhandrock7p@msu.edu,Male,248.101.102.28
279,Wilhelmina,Debenham,wdebenham7q@oakley.com,Male,154.64.217.251
280,Isidora,Baldoni,ibaldoni7r@patch.com,Male,67.140.84.8
281,Clerkclaude,Goulter,cgoulter7s@microsoft.com,Female,216.228.140.245
282,Beret,Moxom,bmoxom7t@archive.org,Genderqueer,129.19.55.32
283,Stormie,Pinwell,spinwell7u@tripadvisor.com,Male,182.82.0.38
284,Kelbee,Bolan,kbolan7v@acquirethisname.com,Female,231.14.31.56
285,Paule,Tieraney,ptieraney7w@blogger.com,Male,112.4.81.53
286,Lindsey,Revell,lrevell7x@chronoengine.com,Male,67.125.101.62
287,April,Weagener,aweagener7y@slashdot.org,Female,55.53.231.37
288,Aguie,Reinhard,areinhard7z@tinypic.com,Female,254.79.168.15
289,Nadeen,MacKnocker,nmacknocker80@google.it,Non-binary,19.97.118.100
290,Linc,Moogan,lmoogan81@ihg.com,Female,117.150.162.113
291,Jillayne,Van de Velde,jvandevelde82@amazon.co.jp,Female,237.25.164.24
292,Alanson,Blainey,ablainey83@nymag.com,Bigender,116.103.102.189
293,Ophelie,Kirkham,okirkham84@shareasale.com,Male,174.150.127.54
294,Griffin,Leeds,gleeds85@51.la,Female,40.41.98.35
295,Catha,Desforges,cdesforges86@psu.edu,Female,4.64.15.168
296,Gottfried,Edelston,gedelston87@spiegel.de,Male,68.183.34.138
297,Ronna,Springham,rspringham88@bing.com,Female,238.22.72.185
298,Constantine,Liebermann,cliebermann89@google.com.br,Male,210.111.31.155
299,Caryl,Gaynor,cgaynor8a@timesonline.co.uk,Female,49.33.73.16
300,Amata,Coche,acoche8b@de.vu,Male,2.59.129.183
301,Darn,Bengle,dbengle8c@weebly.com,Non-binary,140.167.68.79
302,Salli,Grannell,sgrannell8d@1und1.de,Male,250.196.157.13
303,Saraann,Johnston,sjohnston8e@comsenz.com,Male,179.92.36.63
304,Trisha,Whitmell,twhitmell8f@4shared.com,Male,91.105.1.33
305,Hana,Bett,hbett8g@baidu.com,Genderqueer,132.248.33.74
306,Noam,Streater,nstreater8h@hud.gov,Male,203.7.14.94
307,Elnore,Shillinglaw,eshillinglaw8i@weather.com,Female,109.104.204.50
308,Wylma,Lydiate,wlydiate8j@ucoz.com,Female,3.118.129.251
309,Larina,Worden,lworden8k@lycos.com,Male,32.32.28.184
310,Arlan,Chenery,achenery8l@yandex.ru,Female,150.108.239.68
311,Simona,Blizard,sblizard8m@tiny.cc,Male,190.246.132.231
312,Chloette,Patek,cpatek8n@mozilla.com,Male,131.42.178.131
313,Balduin,Ruck,bruck8o@imgur.com,Male,127.159.123.215
314,Caty,Gracewood,cgracewood8p@ameblo.jp,Male,120.30.45.235
315,Clarine,Mabbott,cmabbott8q@howstuffworks.com,Bigender,222.144.17.79
316,Shay,Chapleo,schapleo8r@ted.com,Female,90.81.144.105
317,Wylma,Placido,wplacido8s@wikipedia.org,Male,51.102.239.160
318,Pete,Kerwin,pkerwin8t@techcrunch.com,Male,4.47.50.219
319,Timofei,Harnell,tharnell8u@tamu.edu,Female,221.68.168.215
320,Harold,Zupone,hzupone8v@chicagotribune.com,Female,69.161.69.252
321,Cordy,Eliyahu,celiyahu8w@chron.com,Male,195.100.54.130
322,Walther,Holyard,wholyard8x@aboutads.info,Female,94.231.142.92
323,Krissie,Huxter,khuxter8y@storify.com,Female,46.51.11.146
324,Valery,Woollam,vwoollam8z@indiegogo.com,Male,137.192.141.81
325,Alexina,Lillecrap,alillecrap90@answers.com,Female,67.182.186.202
326,Remy,Beaves,rbeaves91@icq.com,Genderfluid,154.112.225.244
327,Mattie,Klugel,mklugel92@tripadvisor.com,Female,199.104.65.140
328,Jule,O' Byrne,jobyrne93@sitemeter.com,Male,60.143.87.125
329,Valli,Perroni,vperroni94@dion.ne.jp,Male,197.128.47.37
330,Lou,Wimlett,lwimlett95@lycos.com,Polygender,63.118.115.28
331,Aloin,Jephcott,ajephcott96@springer.com,Female,129.102.151.177
332,Bathsheba,Downey,bdowney97@seattletimes.com,Genderqueer,161.176.155.82
333,Renata,Aikenhead,raikenhead98@telegraph.co.uk,Female,151.225.187.255
334,Lem,Crocket,lcrocket99@amazon.com,Male,103.184.26.11
335,Brewster,Streater,bstreater9a@pen.io,Male,187.196.212.206
336,Agnella,Dolton,adolton9b@theglobeandmail.com,Female,95.104.245.231
337,Lorne,Corde,lcorde9c@ocn.ne.jp,Male,146.174.195.194
338,Annabela,Caff,acaff9d@weather.com,Male,3.217.124.147
339,Farlay,Runnett,frunnett9e@stumbleupon.com,Male,249.221.179.96
340,Barbara-anne,Iskow,biskow9f@imgur.com,Male,26.108.186.58
341,Monti,Marsie,mmarsie9g@etsy.com,Male,231.255.168.226
342,Orella,Brinded,obrinded9h@indiatimes.com,Female,64.93.151.88
343,Rica,Klug,rklug9i@eventbrite.com,Male,23.223.62.167
344,Costanza,Rubica,crubica9j@economist.com,Female,162.70.98.32
345,Emilia,Charette,echarette9k@psu.edu,Female,157.78.228.114
346,Holmes,Derrington,hderrington9l@phoca.cz,Female,250.48.232.89
347,Babette,Grimmett,bgrimmett9m@ezinearticles.com,Female,9.81.103.36
348,Leeann,Williams,lwilliams9n@google.ca,Female,0.164.208.196
349,Harriett,Brazer,hbrazer9o@multiply.com,Female,35.96.51.98
350,Tildie,Tottie,ttottie9p@mac.com,Female,25.103.42.129
351,Alisander,Scarrott,ascarrott9q@t.co,Male,186.102.1.69
352,Tate,Kinnard,tkinnard9r@toplist.cz,Male,219.115.231.228
353,Ricky,Buttrey,rbuttrey9s@cyberchimps.com,Female,162.133.34.199
354,Brendon,Kermit,bkermit9t@imgur.com,Female,87.222.7.170
355,Gwyn,Jaeggi,gjaeggi9u@yale.edu,Male,166.127.162.185
356,Birgit,Bartolomeu,bbartolomeu9v@accuweather.com,Male,110.55.235.154
357,Frankie,Tungate,ftungate9w@barnesandnoble.com,Female,254.168.143.191
358,Orel,Beange,obeange9x@infoseek.co.jp,Male,211.66.139.251
359,Gaylene,Hatterslay,ghatterslay9y@bloglovin.com,Female,216.59.19.24
360,Aimil,Bascombe,abascombe9z@altervista.org,Male,123.130.6.241
361,Grete,Borgne,gborgnea0@yahoo.com,Female,179.203.53.34
362,Mae,le Keux,mlekeuxa1@dmoz.org,Male,153.245.103.149
363,Frannie,Christy,fchristya2@bloglovin.com,Male,4.157.59.102
364,Nicolette,Coulson,ncoulsona3@npr.org,Male,202.184.19.245
365,Laurella,Yandle,lyandlea4@techcrunch.com,Female,205.17.126.108
366,Jonah,Camble,jcamblea5@angelfire.com,Female,158.230.111.192
367,Lanny,Gumn,lgumna6@skyrock.com,Male,54.16.201.26
368,Errick,Caple,ecaplea7@yahoo.co.jp,Male,118.146.74.72
369,Tobye,Rasper,traspera8@godaddy.com,Female,65.12.254.232
370,Hinda,Altree,haltreea9@globo.com,Male,188.109.144.10
371,Fenelia,Le Huquet,flehuquetaa@sbwire.com,Male,130.138.111.139
372,Aylmar,Bricham,abrichamab@storify.com,Male,89.28.189.42
373,Gwenneth,Base,gbaseac@mapquest.com,Female,42.255.37.126
374,Harv,Sansum,hsansumad@cnbc.com,Female,79.249.254.86
375,Junette,Keely,jkeelyae@cpanel.net,Female,129.24.168.9
376,Riccardo,Kolin,rkolinaf@accuweather.com,Male,32.210.131.247
377,Harmonie,Fergie,hfergieag@i2i.jp,Female,212.210.201.142
378,Gert,Spurden,gspurdenah@rambler.ru,Female,248.201.155.100
379,Bren,Dyshart,bdyshartai@squidoo.com,Male,29.173.244.110
380,Shayla,Choppin,schoppinaj@engadget.com,Female,156.255.204.62
381,Bink,Conibear,bconibearak@privacy.gov.au,Female,59.161.43.11
382,Homerus,Upjohn,hupjohnal@networksolutions.com,Female,30.83.55.250
383,Yuri,Mularkey,ymularkeyam@1und1.de,Female,91.119.210.125
384,Ruggiero,Maryman,rmarymanan@reuters.com,Bigender,205.88.96.251
385,Shelia,Freckelton,sfreckeltonao@wikimedia.org,Female,113.140.152.145
386,Guntar,Longmuir,glongmuirap@cmu.edu,Male,23.230.224.144
387,Lin,Nayer,lnayeraq@google.it,Male,120.91.224.197
388,Matthias,Lazell,mlazellar@twitter.com,Female,91.126.175.205
389,Hayley,Cadman,hcadmanas@time.com,Male,208.246.205.113
390,Brantley,Able,bableat@cisco.com,Female,252.55.154.185
391,Jule,Karim,jkarimau@howstuffworks.com,Male,220.153.255.243
392,Buiron,Greenrde,bgreenrdeav@addthis.com,Female,224.57.141.212
393,Astrix,Headon,aheadonaw@tinyurl.com,Male,93.13.19.232
394,Harbert,Dunster,hdunsterax@nhs.uk,Female,158.159.221.115
395,Stillmann,Tommasi,stommasiay@arstechnica.com,Male,73.155.51.148
396,Philippa,Le Port,pleportaz@wikimedia.org,Female,64.162.150.237
397,Kerwin,Pinson,kpinsonb0@privacy.gov.au,Female,22.150.145.97
398,Eilis,Cristoforo,ecristoforob1@pinterest.com,Female,67.156.82.13
399,Wanids,Ahearne,wahearneb2@ftc.gov,Male,32.246.128.90
400,Cathe,Heams,cheamsb3@sfgate.com,Female,211.118.135.44
401,Kessiah,Whitlam,kwhitlamb4@artisteer.com,Male,222.37.232.58
402,Ora,Arnull,oarnullb5@freewebs.com,Agender,241.150.102.97
403,Joelie,Paintain,jpaintainb6@kickstarter.com,Male,42.81.10.185
404,Ellissa,Nealy,enealyb7@fema.gov,Agender,52.110.217.127
405,Melosa,Wilkowski,mwilkowskib8@imdb.com,Female,158.128.10.104
406,Arlin,Digby,adigbyb9@amazon.co.jp,Female,221.142.111.83
407,Weider,Tunno,wtunnoba@usatoday.com,Male,51.209.58.37
408,Ingram,Purry,ipurrybb@mozilla.com,Female,206.242.5.95
409,Moore,Suddick,msuddickbc@networksolutions.com,Male,98.115.64.230
410,Javier,Phippard,jphippardbd@un.org,Male,137.19.179.138
411,Fletcher,Symcock,fsymcockbe@zimbio.com,Female,39.1.79.27
412,Andrey,Adnet,aadnetbf@lulu.com,Female,16.140.239.67
413,Hynda,De Ruggero,hderuggerobg@ed.gov,Female,150.196.250.238
414,Issi,Drewet,idrewetbh@acquirethisname.com,Non-binary,225.59.224.189
415,Briggs,Cleft,bcleftbi@ox.ac.uk,Female,30.151.190.170
416,Keene,Baysting,kbaystingbj@unesco.org,Male,146.7.179.183
417,Griz,Halliburton,ghalliburtonbk@mozilla.org,Female,171.127.9.144
418,Cecilia,Veness,cvenessbl@ycombinator.com,Female,97.5.141.54
419,Pauly,Chatto,pchattobm@example.com,Male,242.159.216.100
420,Ilyse,Bennetto,ibennettobn@adobe.com,Male,104.221.92.127
421,Oberon,Creswell,ocreswellbo@webmd.com,Male,222.226.212.14
422,Birgitta,Conquest,bconquestbp@nhs.uk,Male,36.159.194.220
423,Alberto,Follis,afollisbq@noaa.gov,Male,106.248.188.245
424,Steffane,Trussler,strusslerbr@google.co.uk,Female,163.121.68.39
425,Berta,Smooth,bsmoothbs@time.com,Male,156.161.206.94
426,Ansley,Redan,aredanbt@chron.com,Male,140.92.169.199
427,Forest,Domingues,fdominguesbu@live.com,Male,101.151.157.63
428,Adolf,Giovannardi,agiovannardibv@google.com.br,Male,80.85.211.165
429,Bearnard,Abrahmovici,babrahmovicibw@techcrunch.com,Male,160.140.162.98
430,Jacklyn,Fonteyne,jfonteynebx@tmall.com,Male,54.74.82.116
431,Casi,Gallon,cgallonby@umn.edu,Female,124.17.9.47
432,Norrie,Vannacci,nvannaccibz@mozilla.com,Female,110.27.123.208
433,Hephzibah,Hadlee,hhadleec0@un.org,Female,195.102.84.205
434,Elsa,Barten,ebartenc1@smugmug.com,Female,198.178.103.67
435,Hogan,Done,hdonec2@vk.com,Male,166.7.236.138
436,Ebenezer,Trippack,etrippackc3@amazon.co.uk,Female,217.254.20.179
437,Gard,Cathenod,gcathenodc4@state.tx.us,Female,239.159.157.222
438,Sandye,William,swilliamc5@imdb.com,Male,176.116.207.156
439,Oby,D'Avaux,odavauxc6@tuttocitta.it,Female,124.221.179.76
440,Bill,Naish,bnaishc7@miitbeian.gov.cn,Female,73.133.115.133
441,Bronnie,Wyer,bwyerc8@wix.com,Male,41.26.184.192
442,Verney,Cardall,vcardallc9@sphinn.com,Female,130.26.132.1
443,Pablo,Gartell,pgartellca@state.tx.us,Female,180.105.111.219
444,Trixi,Asker,taskercb@yahoo.co.jp,Female,243.190.19.129
445,Gerrie,Breyt,gbreytcc@reuters.com,Male,70.219.125.48
446,Daniella,Amesbury,damesburycd@ow.ly,Male,30.145.197.171
447,Julie,Ayres,jayresce@a8.net,Female,209.193.194.150
448,Jefferson,Greser,jgresercf@weather.com,Male,9.55.32.21
449,Iggy,Jeves,ijevescg@fc2.com,Male,143.99.121.77
450,Elna,Grinin,egrininch@usgs.gov,Male,226.207.154.170
451,Georgeta,Voelker,gvoelkerci@nih.gov,Male,56.18.209.177
452,Griffie,Coley,gcoleycj@berkeley.edu,Agender,183.130.165.166
453,Mallissa,Arrell,marrellck@china.com.cn,Male,213.60.120.186
454,Helsa,Bedham,hbedhamcl@xrea.com,Female,223.212.213.244
455,Carita,Kiddye,ckiddyecm@ezinearticles.com,Female,78.18.229.220
456,Rycca,Lints,rlintscn@addthis.com,Female,19.124.254.76
457,Urbain,Sturley,usturleyco@examiner.com,Male,173.188.176.67
458,Willette,Kobierra,wkobierracp@blogspot.com,Male,175.20.152.138
459,Emmalynne,Killingsworth,ekillingsworthcq@cnbc.com,Female,247.51.26.111
460,Meghan,Tarren,mtarrencr@google.co.uk,Female,157.50.55.95
461,Mandel,Marryatt,mmarryattcs@jalbum.net,Female,124.73.236.54
462,Torey,Dinwoodie,tdinwoodiect@hao123.com,Male,172.84.255.198
463,Niko,Nangle,nnanglecu@blinklist.com,Male,167.87.122.123
464,Obediah,MacLaren,omaclarencv@boston.com,Female,120.209.170.49
465,Sherwin,Kelling,skellingcw@uiuc.edu,Female,54.36.252.190
466,Muffin,Krystof,mkrystofcx@businessinsider.com,Male,67.160.86.209
467,Hamilton,Baglow,hbaglowcy@squidoo.com,Male,79.181.91.147
468,Anselm,Eton,aetoncz@paginegialle.it,Male,24.106.75.13
469,Carlynne,Aldersea,caldersead0@jigsy.com,Female,103.251.68.251
470,Morley,Kolinsky,mkolinskyd1@state.tx.us,Male,61.144.149.120
471,Melisande,Mapston,mmapstond2@wikispaces.com,Male,213.123.21.106
472,Adda,Signe,asigned3@free.fr,Female,56.212.39.142
473,Myrle,Tomney,mtomneyd4@taobao.com,Male,107.219.24.35
474,Fonsie,Loody,floodyd5@oaic.gov.au,Female,1.14.244.96
475,Sharon,Serle,sserled6@wired.com,Male,215.105.227.34
476,Frederico,Monkton,fmonktond7@miibeian.gov.cn,Female,216.242.241.153
477,Farlay,Whytock,fwhytockd8@paginegialle.it,Female,239.60.194.41
478,Honey,Brecon,hbrecond9@seattletimes.com,Male,192.191.72.162
479,Francisco,Ruddell,fruddellda@biglobe.ne.jp,Male,13.234.28.5
480,Lola,Simonutti,lsimonuttidb@ehow.com,Male,211.82.86.251
481,Yorgo,Grigg,ygriggdc@jalbum.net,Non-binary,96.188.211.44
482,Mayne,Heistermann,mheistermanndd@over-blog.com,Male,247.125.160.193
483,Shepherd,O'Tuohy,sotuohyde@fema.gov,Female,108.224.238.24
484,Saundra,Dudman,sdudmandf@jalbum.net,Male,140.178.55.109
485,Susann,Cordell,scordelldg@webs.com,Female,189.52.212.33
486,Glori,Beisley,gbeisleydh@foxnews.com,Male,26.25.89.162
487,Grace,Crain,gcraindi@homestead.com,Female,143.113.192.83
488,Ingamar,Curmi,icurmidj@is.gd,Female,176.79.81.82
489,Charlotte,Leadbetter,cleadbetterdk@engadget.com,Female,211.93.247.71
490,Martica,Burman,mburmandl@ustream.tv,Agender,146.74.228.113
491,Aleece,Bunstone,abunstonedm@indiegogo.com,Female,38.62.173.55
492,Whitney,Lyall,wlyalldn@dedecms.com,Female,57.106.92.148
493,Coleman,Hollingdale,chollingdaledo@shareasale.com,Female,55.126.201.43
494,Matthew,Honatsch,mhonatschdp@tiny.cc,Male,128.211.167.217
495,Kristal,Yeaman,kyeamandq@stanford.edu,Female,79.89.21.64
496,Valenka,Barthrup,vbarthrupdr@ebay.com,Female,251.76.152.211
497,Ellie,Goodrick,egoodrickds@nih.gov,Male,230.179.216.74
498,Vinson,Archley,varchleydt@shutterfly.com,Female,127.160.45.241
499,Boyd,Bourke,bbourkedu@photobucket.com,Male,227.25.152.239
500,Audie,Rignold,arignolddv@loc.gov,Female,132.230.25.147
501,Hetti,Fidler,hfidlerdw@uiuc.edu,Male,195.58.181.5
502,Karla,Garnam,kgarnamdx@omniture.com,Male,104.179.211.96
503,Junie,Hackford,jhackforddy@businessweek.com,Female,77.203.251.110
504,Caleb,Fetherby,cfetherbydz@hp.com,Female,239.153.194.123
505,Megen,O'Quin,moquine0@163.com,Female,5.137.24.199
506,Liam,Bourton,lbourtone1@163.com,Female,143.171.137.230
507,Sydney,Tipple,stipplee2@wikimedia.org,Male,237.146.187.176
508,Jerad,Benninger,jbenningere3@nyu.edu,Genderqueer,25.7.235.238
509,Janeva,Cerro,jcerroe4@ucla.edu,Male,76.97.10.247
510,Alan,Waby,awabye5@army.mil,Male,108.224.223.76
511,Tressa,Hedau,thedaue6@mac.com,Male,8.150.223.165
512,Theadora,Schwandermann,tschwandermanne7@csmonitor.com,Male,194.184.255.55
513,Lenci,Conechie,lconechiee8@webnode.com,Male,183.90.31.78
514,Shepherd,Houltham,shoulthame9@spiegel.de,Male,17.28.141.183
515,Rourke,Deboick,rdeboickea@dedecms.com,Female,148.25.107.210
516,Delphine,Cornil,dcornileb@jiathis.com,Male,161.207.124.104
517,Alyssa,Bryden,abrydenec@tamu.edu,Female,8.103.120.97
518,Guinna,O'Corren,gocorrened@t.co,Female,8.191.6.159
519,Ingmar,Ceyssen,iceyssenee@sphinn.com,Male,97.245.195.135
520,Daron,Getch,dgetchef@ovh.net,Female,19.31.241.229
521,Conway,Gaishson,cgaishsoneg@example.com,Male,194.177.9.190
522,Henrie,Vaines,hvaineseh@shareasale.com,Female,136.116.148.143
523,Gustavus,Poge,gpogeei@list-manage.com,Male,119.251.20.51
524,Maurie,Studdert,mstuddertej@auda.org.au,Polygender,160.89.209.37
525,Koo,Cockerton,kcockertonek@seesaa.net,Male,192.127.170.82
526,Germain,Getten,ggettenel@nhs.uk,Female,75.224.137.89
527,Sephira,Templeton,stempletonem@dyndns.org,Female,123.165.55.126
528,Tabby,Jarvie,tjarvieen@google.com.br,Female,213.190.233.178
529,Niles,Richens,nrichenseo@wisc.edu,Female,227.233.138.51
530,Inness,Squeers,isqueersep@paginegialle.it,Male,45.64.223.246
531,Janaye,Gilkison,jgilkisoneq@dagondesign.com,Female,78.144.48.132
532,Patricia,Clandillon,pclandilloner@cornell.edu,Female,219.46.65.113
533,Ara,Terzo,aterzoes@dell.com,Female,155.86.65.19
534,Philip,Barme,pbarmeet@hibu.com,Male,216.75.144.122
535,Hastings,Rubie,hrubieeu@ameblo.jp,Male,186.145.197.255
536,Christabella,Bessey,cbesseyev@deviantart.com,Male,129.120.25.77
537,Kevina,Robson,krobsonew@mac.com,Female,25.216.69.250
538,Nollie,Clendinning,nclendinningex@berkeley.edu,Non-binary,78.6.29.82
539,Vevay,Kidstone,vkidstoneey@about.com,Male,101.83.72.122
540,Rina,Borit,rboritez@columbia.edu,Male,214.43.55.177
541,Tyler,Doncom,tdoncomf0@patch.com,Female,227.11.222.232
542,Jenelle,Pikhno,jpikhnof1@globo.com,Genderfluid,133.12.205.100
543,Marika,Blowing,mblowingf2@xinhuanet.com,Female,97.161.56.94
544,Armand,Hughes,ahughesf3@usda.gov,Male,79.126.228.5
545,Allis,Cunniff,acunnifff4@cisco.com,Male,119.95.225.102
546,Sherline,Knoble,sknoblef5@blogger.com,Female,7.183.226.3
547,Oliviero,Van Der Walt,ovanderwaltf6@t.co,Male,216.64.85.177
548,Candie,McMorran,cmcmorranf7@t-online.de,Male,24.245.157.160
549,Shalne,Kohtler,skohtlerf8@sogou.com,Polygender,76.207.56.75
550,Arnie,Sharvell,asharvellf9@state.gov,Male,197.145.131.236
551,Isabeau,Clinton,iclintonfa@tmall.com,Female,182.183.11.170
552,Uri,Sambals,usambalsfb@baidu.com,Female,242.108.93.195
553,Lyn,Blowin,lblowinfc@amazon.co.uk,Male,20.230.4.108
554,Ancell,Carnduff,acarndufffd@ask.com,Male,117.185.220.5
555,Ediva,O'Gleasane,eogleasanefe@usnews.com,Female,122.178.113.108
556,Aldis,Blannin,ablanninff@cdc.gov,Female,81.155.26.1
557,Gabriel,Yeandel,gyeandelfg@state.tx.us,Male,71.87.65.99
558,Elsy,MacNish,emacnishfh@goo.ne.jp,Male,221.3.227.226
559,Leigh,Quelch,lquelchfi@bbb.org,Male,204.173.159.21
560,Neile,Gendricke,ngendrickefj@yellowpages.com,Bigender,194.226.32.168
561,Meredith,Shirley,mshirleyfk@wufoo.com,Bigender,204.186.92.118
562,Marwin,Adamoli,madamolifl@usda.gov,Male,198.182.162.218
563,Zorine,Moretto,zmorettofm@addtoany.com,Male,127.68.183.215
564,Hewe,Cresser,hcresserfn@mozilla.org,Female,128.142.147.249
565,Gustavo,Moniker,gmonikerfo@cnet.com,Female,98.140.141.72
566,Dal,Gordge,dgordgefp@msn.com,Female,174.18.123.4
567,Sholom,Billington,sbillingtonfq@bbb.org,Male,113.93.177.156
568,Barney,Edgson,bedgsonfr@tiny.cc,Female,241.207.115.25
569,Cheston,Corrin,ccorrinfs@deliciousdays.com,Male,230.150.139.155
570,Ari,Gilleson,agillesonft@huffingtonpost.com,Female,38.150.156.88
571,Sanford,Scates,sscatesfu@pagesperso-orange.fr,Female,0.30.71.36
572,Mahmoud,Hawse,mhawsefv@bravesites.com,Male,109.71.16.92
573,Reinhard,Ber,rberfw@yelp.com,Male,15.198.54.255
574,Nathanial,Blincko,nblinckofx@netvibes.com,Male,78.182.50.116
575,Cristina,Surmeir,csurmeirfy@instagram.com,Female,205.14.32.164
576,Gilbert,Walford,gwalfordfz@amazon.co.uk,Female,68.9.30.25
577,Gabriella,Simister,gsimisterg0@smugmug.com,Female,174.79.63.248
578,Gretal,Baskwell,gbaskwellg1@imgur.com,Male,99.180.81.99
579,Koren,Dowden,kdowdeng2@paypal.com,Female,112.128.82.24
580,Travers,Cotilard,tcotilardg3@furl.net,Male,149.44.108.245
581,Kerrill,Lochead,klocheadg4@cargocollective.com,Male,22.223.79.138
582,Guillemette,Wenman,gwenmang5@sourceforge.net,Male,178.248.36.152
583,Lockwood,Rosewarne,lrosewarneg6@statcounter.com,Female,194.208.128.194
584,Talbot,Rowden,trowdeng7@bandcamp.com,Female,4.91.39.184
585,Don,Ruslen,drusleng8@eventbrite.com,Male,49.126.131.99
586,Win,Rickardsson,wrickardssong9@ezinearticles.com,Male,88.160.86.104
587,Consuela,Alekseev,calekseevga@rediff.com,Male,183.104.115.220
588,Claudius,Cometti,ccomettigb@hao123.com,Male,178.206.214.100
589,Anatol,Lindop,alindopgc@bbc.co.uk,Bigender,70.147.19.248
590,Kerby,Kingcote,kkingcotegd@slate.com,Polygender,208.39.17.248
591,Cosimo,McLae,cmclaege@thetimes.co.uk,Male,173.235.255.227
592,Monte,Elwill,melwillgf@hugedomains.com,Female,30.205.20.93
593,Marie,Drage,mdragegg@mashable.com,Female,203.107.128.99
594,Mariquilla,Abriani,mabrianigh@amazon.co.jp,Female,158.147.34.65
595,Ernestine,De Benedictis,edebenedictisgi@friendfeed.com,Male,54.224.164.22
596,Gavra,Presser,gpressergj@wp.com,Genderfluid,27.198.207.31
597,Gay,Middler,gmiddlergk@sakura.ne.jp,Male,17.28.96.88
598,Liva,Junkin,ljunkingl@pcworld.com,Male,148.67.22.237
599,Marti,Archbald,marchbaldgm@ucoz.ru,Male,78.117.119.217
600,Davina,Schurig,dschuriggn@pbs.org,Male,140.27.124.166
601,Dawn,Reiling,dreilinggo@ning.com,Female,86.221.105.14
602,Annabella,Sinnat,asinnatgp@jugem.jp,Male,118.141.77.109
603,Edita,Strover,estrovergq@mysql.com,Male,240.55.193.102
604,Penelope,Dauby,pdaubygr@prlog.org,Male,7.85.19.135
605,Peggie,Bethel,pbethelgs@e-recht24.de,Female,16.87.72.21
606,Camala,Baptist,cbaptistgt@businessweek.com,Male,12.75.173.110
607,Lorelei,Toffel,ltoffelgu@ameblo.jp,Male,79.172.158.187
608,Sergio,Decroix,sdecroixgv@clickbank.net,Male,212.165.154.75
609,Maximilien,Bazell,mbazellgw@nifty.com,Female,113.215.133.237
610,Elsy,Bram,ebramgx@free.fr,Male,147.196.113.62
611,Euphemia,Vallis,evallisgy@e-recht24.de,Bigender,43.50.242.245
612,Sigfrid,Runnacles,srunnaclesgz@deviantart.com,Male,55.180.95.32
613,Kin,Cassella,kcassellah0@myspace.com,Genderqueer,39.48.2.38
614,Guthry,Enriquez,genriquezh1@google.ca,Female,162.55.120.96
615,Zebulon,Sixsmith,zsixsmithh2@gravatar.com,Male,120.170.52.33
616,Meara,Venn,mvennh3@wisc.edu,Male,4.166.230.61
617,Revkah,Seabrooke,rseabrookeh4@admin.ch,Female,143.40.123.180
618,Claudetta,Edwardson,cedwardsonh5@csmonitor.com,Male,205.176.179.175
619,Zechariah,Masterton,zmastertonh6@studiopress.com,Male,199.197.214.204
620,Chris,Tourner,ctournerh7@indiegogo.com,Male,2.17.201.247
621,Corette,Jahndel,cjahndelh8@photobucket.com,Male,71.202.244.81
622,Derrek,Gaven,dgavenh9@multiply.com,Female,167.168.62.227
623,Myriam,Skupinski,mskupinskiha@patch.com,Female,239.193.194.112
624,Vivienne,Kennaird,vkennairdhb@mozilla.org,Female,103.2.157.210
625,Steve,Riall,sriallhc@pbs.org,Non-binary,136.195.132.166
626,Saxe,Middlewick,smiddlewickhd@indiegogo.com,Genderfluid,148.140.26.152
627,Laird,Newis,lnewishe@fda.gov,Male,155.191.44.56
628,Rochelle,Sives,rsiveshf@redcross.org,Male,16.49.234.208
629,Levey,Theurer,ltheurerhg@dropbox.com,Agender,232.33.248.214
630,Raquela,Rimmer,rrimmerhh@reddit.com,Male,245.66.213.135
631,Philomena,Killingbeck,pkillingbeckhi@theatlantic.com,Male,185.16.205.181
632,Lenci,Snaddin,lsnaddinhj@g.co,Female,51.178.1.223
633,Dallis,Waldron,dwaldronhk@hexun.com,Female,239.20.89.174
634,Kristen,MacAvddy,kmacavddyhl@engadget.com,Female,224.95.126.90
635,Alla,Mottini,amottinihm@google.cn,Male,56.54.84.70
636,Lotta,Newland,lnewlandhn@ftc.gov,Non-binary,53.91.111.180
637,Tadeo,Maslin,tmaslinho@linkedin.com,Female,136.199.160.21
638,Roobbie,Tedstone,rtedstonehp@boston.com,Male,15.50.244.121
639,Daphna,Kenderdine,dkenderdinehq@twitpic.com,Female,106.144.229.243
640,Hatti,Edmonds,hedmondshr@adobe.com,Male,119.206.21.116
641,Suzi,Copson,scopsonhs@umich.edu,Male,4.6.80.58
642,Vinnie,Rennox,vrennoxht@skyrock.com,Female,218.93.148.23
643,Janela,Cameli,jcamelihu@weather.com,Female,191.74.208.188
644,Claudio,Stivens,cstivenshv@chron.com,Female,189.30.51.147
645,Ferdinande,Lawland,flawlandhw@privacy.gov.au,Female,96.123.165.112
646,Evelyn,Tedorenko,etedorenkohx@newsvine.com,Female,221.206.48.227
647,Mose,Sandilands,msandilandshy@booking.com,Male,145.144.71.69
648,Gaston,Salvidge,gsalvidgehz@example.com,Female,175.212.213.85
649,Susy,Blakelock,sblakelocki0@narod.ru,Male,180.83.77.110
650,Link,Murdoch,lmurdochi1@java.com,Female,152.158.84.206
651,Emylee,Avramovsky,eavramovskyi2@youtube.com,Male,178.210.250.103
652,Mallorie,Trathan,mtrathani3@hhs.gov,Female,48.59.13.246
653,Bentlee,Pursglove,bpursglovei4@weather.com,Male,62.100.219.184
654,Carmita,Cawsey,ccawseyi5@devhub.com,Female,1.22.145.47
655,Evy,Geach,egeachi6@e-recht24.de,Female,38.243.191.55
656,Ruby,Yurkevich,ryurkevichi7@theglobeandmail.com,Female,6.86.134.122
657,Madalena,Kindall,mkindalli8@state.gov,Male,0.157.12.222
658,Misha,Thomsen,mthomseni9@bluehost.com,Female,58.208.93.7
659,Valentine,Baldery,vbalderyia@home.pl,Female,246.37.192.177
660,Mortimer,Scotchmor,mscotchmorib@tinyurl.com,Male,42.227.232.87
661,Eamon,McAusland,emcauslandic@pbs.org,Male,68.245.93.40
662,Delinda,Axston,daxstonid@nydailynews.com,Female,78.244.186.183
663,Sada,MacCurlye,smaccurlyeie@etsy.com,Female,50.5.130.126
664,Yoko,Kilgrove,ykilgroveif@mozilla.com,Male,196.7.184.18
665,Ab,Pallent,apallentig@msn.com,Male,74.125.180.45
666,Niccolo,Uebel,nuebelih@washington.edu,Male,241.171.226.154
667,Myrvyn,Sommer,msommerii@typepad.com,Polygender,94.53.115.37
668,Emelita,Dog,edogij@cbsnews.com,Female,91.36.163.86
669,Terry,Chafney,tchafneyik@ycombinator.com,Female,96.218.230.185
670,Mattie,Risdall,mrisdallil@xing.com,Female,84.109.186.49
671,Derek,Bewshea,dbewsheaim@cam.ac.uk,Bigender,250.38.3.212
672,Charmion,Marvel,cmarvelin@meetup.com,Female,173.67.227.139
673,Randie,Veschi,rveschiio@addthis.com,Male,56.170.149.117
674,Rourke,McLachlan,rmclachlanip@aboutads.info,Female,224.160.3.46
675,Kassi,Alenichev,kalenicheviq@t.co,Female,248.65.116.52
676,Florence,Cubbon,fcubbonir@google.cn,Male,17.8.154.147
677,Philly,Rogers,progersis@google.com.hk,Female,85.214.239.57
678,Gardy,Hoyt,ghoytit@yellowbook.com,Male,235.31.249.189
679,Morten,Tabour,mtabouriu@unc.edu,Female,42.174.18.223
680,Ronica,Forgie,rforgieiv@nbcnews.com,Female,190.228.25.57
681,Alvan,Bonsey,abonseyiw@house.gov,Male,58.130.255.142
682,Mayer,Wellstead,mwellsteadix@scribd.com,Male,119.157.79.179
683,Belle,Vaudre,bvaudreiy@indiatimes.com,Male,57.182.104.78
684,Adan,Peizer,apeizeriz@w3.org,Male,206.182.247.232
685,Kiah,Rosewall,krosewallj0@cbc.ca,Female,15.189.72.167
686,Ruben,Hrachovec,rhrachovecj1@irs.gov,Female,137.117.4.149
687,Dolf,Playfoot,dplayfootj2@google.fr,Male,75.24.178.39
688,Olly,Hartshorn,ohartshornj3@tripadvisor.com,Male,175.118.115.160
689,Jere,Ghelardoni,jghelardonij4@opera.com,Male,56.62.71.47
690,Cosette,Mollison,cmollisonj5@wsj.com,Female,173.28.118.94
691,Alicia,Whitters,awhittersj6@linkedin.com,Female,163.164.66.83
692,Jade,Lavalle,jlavallej7@alexa.com,Female,93.158.21.115
693,Stuart,Kalinsky,skalinskyj8@sohu.com,Female,111.66.66.3
694,Sasha,McLaughlin,smclaughlinj9@miitbeian.gov.cn,Female,41.188.212.25
695,Drusilla,Ratcliff,dratcliffja@istockphoto.com,Genderqueer,73.78.231.118
696,Holt,Howieson,hhowiesonjb@bigcartel.com,Male,232.2.200.82
697,Almira,Harbison,aharbisonjc@last.fm,Male,33.191.80.14
698,Court,Benitez,cbenitezjd@stanford.edu,Female,142.144.73.144
699,Catina,Gerardeaux,cgerardeauxje@chicagotribune.com,Male,206.1.203.246
700,Aluin,Grahlmans,agrahlmansjf@slashdot.org,Female,193.169.174.51
701,Gaston,Yansons,gyansonsjg@bbb.org,Female,146.196.180.170
702,Rafael,Hackford,rhackfordjh@xrea.com,Female,9.201.49.114
703,Wilek,Fulmen,wfulmenji@ifeng.com,Female,245.78.238.253
704,Brian,Burdikin,bburdikinjj@drupal.org,Female,43.4.252.107
705,Zeb,Larn,zlarnjk@meetup.com,Male,123.110.57.16
706,Gannie,Aviss,gavissjl@independent.co.uk,Male,243.193.147.181
707,Florencia,Madle,fmadlejm@g.co,Genderqueer,111.202.13.91
708,Samuel,O'Geaney,sogeaneyjn@japanpost.jp,Female,175.29.244.174
709,Piper,Schimonek,pschimonekjo@examiner.com,Polygender,160.202.179.66
710,Danna,Plumbley,dplumbleyjp@furl.net,Male,128.88.30.106
711,Thain,Turnbull,tturnbulljq@disqus.com,Female,203.146.10.233
712,Benjy,Gascone,bgasconejr@ted.com,Male,195.186.140.39
713,Lorita,Tharme,ltharmejs@deviantart.com,Male,160.6.193.12
714,Adena,Midden,amiddenjt@wufoo.com,Agender,113.176.22.84
715,Lynea,Thumann,lthumannju@1und1.de,Female,221.253.236.53
716,Debora,Ruberti,drubertijv@timesonline.co.uk,Bigender,96.68.126.0
717,Odelia,Caddell,ocaddelljw@omniture.com,Male,176.40.198.180
718,Kevin,Browning,kbrowningjx@etsy.com,Female,4.233.198.77
719,Noach,Selburn,nselburnjy@csmonitor.com,Female,223.144.2.97
720,Joel,Strowthers,jstrowthersjz@vkontakte.ru,Female,160.0.229.233
721,Arlana,Bleythin,ableythink0@patch.com,Male,184.137.147.203
722,Iris,Toghill,itoghillk1@icq.com,Male,81.37.135.5
723,Gabriellia,Petri,gpetrik2@de.vu,Agender,107.25.77.134
724,Germain,Fahey,gfaheyk3@cbsnews.com,Male,206.232.137.168
725,Jonathan,Maling,jmalingk4@deviantart.com,Male,43.222.142.125
726,Meaghan,Clouston,mcloustonk5@bing.com,Male,107.135.245.142
727,Shandie,Bover,sboverk6@naver.com,Male,150.171.250.176
728,Barclay,Salleir,bsalleirk7@jigsy.com,Male,59.137.84.183
729,Violette,Tattersdill,vtattersdillk8@usgs.gov,Female,158.13.161.167
730,Kalindi,Monday,kmondayk9@istockphoto.com,Male,123.245.92.38
731,Martie,Felder,mfelderka@tuttocitta.it,Genderqueer,3.67.199.158
732,Darcy,Chilles,dchilleskb@slashdot.org,Male,152.55.38.149
733,Max,Sturton,msturtonkc@hc360.com,Female,70.82.238.145
734,Laurene,Flipek,lflipekkd@nydailynews.com,Female,127.80.82.160
735,Reagan,Adrien,radrienke@hhs.gov,Genderqueer,192.253.206.96
736,Giulia,Hacksby,ghacksbykf@chicagotribune.com,Female,64.12.148.198
737,Cosette,Oury,courykg@moonfruit.com,Female,167.183.141.170
738,Cate,Greeding,cgreedingkh@jugem.jp,Female,209.143.226.4
739,Harrie,Bockin,hbockinki@a8.net,Female,192.250.1.246
740,Clyve,Skarin,cskarinkj@newyorker.com,Male,216.10.196.250
741,Barri,Ahlin,bahlinkk@taobao.com,Male,127.47.184.180
742,Adan,Dosedale,adosedalekl@netlog.com,Male,59.76.94.171
743,Ginni,Auton,gautonkm@globo.com,Female,84.196.253.248
744,Hesther,Van Hesteren,hvanhesterenkn@fda.gov,Male,81.119.126.230
745,Johanna,Corsar,jcorsarko@meetup.com,Female,251.123.228.18
746,Ailey,Gritsaev,agritsaevkp@eepurl.com,Female,152.104.170.179
747,Katee,Leathem,kleathemkq@newsvine.com,Male,51.135.47.208
748,Cosette,Chalice,cchalicekr@squidoo.com,Female,57.32.240.236
749,Ermentrude,Garmans,egarmansks@addthis.com,Female,57.36.110.127
750,Patten,Smewin,psmewinkt@macromedia.com,Male,231.130.172.61
751,Carolyne,Daft,cdaftku@arizona.edu,Female,248.212.10.163
752,Ellene,Gricewood,egricewoodkv@intel.com,Male,200.6.208.55
753,Devonne,Wilflinger,dwilflingerkw@time.com,Female,23.78.12.116
754,Franciska,Besque,fbesquekx@cpanel.net,Male,47.33.162.95
755,Koralle,Choudhury,kchoudhuryky@wisc.edu,Non-binary,222.207.233.2
756,Vance,Dominicacci,vdominicaccikz@github.com,Male,11.165.153.166
757,Rollo,Vassay,rvassayl0@huffingtonpost.com,Male,229.241.186.186
758,Harrison,Spurr,hspurrl1@buzzfeed.com,Female,232.151.140.152
759,Anthia,Franchi,afranchil2@disqus.com,Polygender,135.210.231.244
760,Rollin,Bravey,rbraveyl3@webeden.co.uk,Female,166.124.214.142
761,Crysta,Kilby,ckilbyl4@symantec.com,Male,37.212.131.234
762,Roz,Kolczynski,rkolczynskil5@businessinsider.com,Male,182.155.216.196
763,Garry,Gauson,ggausonl6@google.co.jp,Male,29.181.123.40
764,Dari,Scothorne,dscothornel7@arstechnica.com,Male,137.223.29.4
765,Guendolen,O'Hickee,gohickeel8@alexa.com,Female,2.219.56.127
766,Chuck,Manz,cmanzl9@reuters.com,Male,61.117.3.135
767,Lacie,Kernes,lkernesla@twitpic.com,Female,152.173.104.23
768,Celine,Oakeby,coakebylb@ted.com,Male,236.203.11.65
769,Lianne,Tomasicchio,ltomasicchiolc@mail.ru,Female,11.157.233.68
770,Rahel,Callen,rcallenld@sfgate.com,Male,65.246.192.121
771,Darcee,Rouby,droubyle@hibu.com,Male,153.246.113.87
772,Guenna,Crapper,gcrapperlf@furl.net,Female,202.230.189.42
773,Latia,Dict,ldictlg@dyndns.org,Female,30.162.79.55
774,Maureen,Haycox,mhaycoxlh@slashdot.org,Male,72.130.218.31
775,Silva,Tregust,stregustli@icq.com,Female,167.162.71.199
776,Dominic,Hrinchishin,dhrinchishinlj@wsj.com,Male,249.210.137.53
777,Lizbeth,Coper,lcoperlk@dyndns.org,Male,26.33.204.111
778,Annis,Buxy,abuxyll@opensource.org,Genderfluid,82.208.92.46
779,Leigh,Ducarne,lducarnelm@facebook.com,Female,232.152.31.207
780,Lexi,Clampton,lclamptonln@cmu.edu,Bigender,124.225.20.84
781,Zacharia,Van Bruggen,zvanbruggenlo@skyrock.com,Male,51.70.14.137
782,Averil,Kitching,akitchinglp@msn.com,Female,120.19.98.181
783,Billye,Thiese,bthieselq@gnu.org,Female,50.95.39.252
784,Winston,Tithecott,wtithecottlr@redcross.org,Male,61.33.48.210
785,Sammy,Aggus,saggusls@engadget.com,Male,200.103.183.142
786,Madlin,Ortner,mortnerlt@dyndns.org,Male,127.77.123.146
787,Irena,Arpino,iarpinolu@mysql.com,Male,69.164.170.223
788,Wallis,McComiskie,wmccomiskielv@google.es,Agender,11.108.51.153
789,Lurline,Denness,ldennesslw@photobucket.com,Female,163.32.192.183
790,Tobias,Feldhuhn,tfeldhuhnlx@1688.com,Female,233.148.105.181
791,Maxim,Valdes,mvaldesly@businessweek.com,Male,4.8.33.248
792,Daveen,Cream,dcreamlz@unblog.fr,Female,137.154.62.142
793,Janessa,Cowland,jcowlandm0@typepad.com,Female,103.228.241.217
794,Evy,Yeudall,eyeudallm1@google.com.au,Female,180.13.74.185
795,Charmane,Preshous,cpreshousm2@bloglines.com,Female,235.103.52.59
796,Karlee,Garred,kgarredm3@kickstarter.com,Male,179.138.113.157
797,Donnie,Wohlers,dwohlersm4@eventbrite.com,Male,159.56.185.74
798,Clifford,Strathearn,cstrathearnm5@pen.io,Male,0.77.42.190
799,Kare,Gradly,kgradlym6@51.la,Female,126.118.237.96
800,Amil,Dawidowsky,adawidowskym7@tinypic.com,Female,198.227.18.60
801,Pamella,Surgison,psurgisonm8@homestead.com,Female,196.127.146.229
802,Kienan,O'Fallowne,kofallownem9@4shared.com,Female,23.163.124.18
803,Cobbie,Isted,cistedma@ucsd.edu,Male,40.213.138.113
804,Tiertza,Amburgy,tamburgymb@scientificamerican.com,Female,59.138.206.40
805,Chucho,Kenner,ckennermc@ucoz.com,Female,110.230.181.53
806,Verge,Tytherton,vtythertonmd@plala.or.jp,Female,90.221.68.149
807,Nixie,O'Dee,nodeeme@vkontakte.ru,Male,235.217.172.152
808,Sheffy,Turpie,sturpiemf@cbc.ca,Male,183.45.234.174
809,Millie,Despenser,mdespensermg@godaddy.com,Female,12.109.159.83
810,Rolando,Ledington,rledingtonmh@1und1.de,Male,193.60.31.86
811,Malvina,Hought,mhoughtmi@nhs.uk,Female,193.186.103.175
812,Kelbee,Townley,ktownleymj@privacy.gov.au,Male,15.201.31.195
813,Guthrey,Biagi,gbiagimk@indiatimes.com,Polygender,113.249.230.27
814,Isidor,Shillaker,ishillakerml@techcrunch.com,Male,248.70.228.83
815,Suki,Peggs,speggsmm@squarespace.com,Female,36.32.132.72
816,Doralynn,Glanders,dglandersmn@netvibes.com,Male,118.15.129.28
817,Binni,Entres,bentresmo@bandcamp.com,Female,41.191.179.33
818,Robby,Checklin,rchecklinmp@vimeo.com,Male,254.136.236.82
819,Muire,Wharrier,mwharriermq@fc2.com,Male,228.63.239.242
820,Vivianne,Heintz,vheintzmr@vistaprint.com,Female,148.165.93.14
821,Horace,Fausch,hfauschms@unicef.org,Female,201.144.121.163
822,Rubina,Bavester,rbavestermt@wikimedia.org,Male,141.15.127.121
823,Bondon,Cloy,bcloymu@army.mil,Male,170.199.127.66
824,Ferris,Hovenden,fhovendenmv@timesonline.co.uk,Male,14.214.227.136
825,Juline,Boncoeur,jboncoeurmw@hud.gov,Female,127.40.239.139
826,Stavro,Lambricht,slambrichtmx@w3.org,Male,86.154.156.124
827,Vanda,Lamprey,vlampreymy@delicious.com,Male,45.155.38.65
828,Kayla,Thaim,kthaimmz@blogs.com,Female,172.223.115.39
829,Dom,Pesterfield,dpesterfieldn0@zimbio.com,Male,44.133.202.15
830,Buddie,Emms,bemmsn1@microsoft.com,Female,159.104.4.228
831,Nollie,Alder,naldern2@indiegogo.com,Agender,238.231.8.33
832,Humfried,Tremberth,htremberthn3@sourceforge.net,Male,88.224.97.152
833,Clarine,Rickesies,crickesiesn4@salon.com,Female,143.188.187.47
834,Martita,Macrae,mmacraen5@shop-pro.jp,Male,249.236.229.131
835,Jimmy,Burgoine,jburgoinen6@google.fr,Agender,205.156.164.29
836,Gareth,Metzke,gmetzken7@over-blog.com,Male,31.185.50.115
837,Christoper,Human,chumann8@a8.net,Male,21.33.79.80
838,Cal,Goodsal,cgoodsaln9@reddit.com,Male,29.235.22.1
839,Ambros,Garza,agarzana@bbb.org,Genderqueer,225.86.57.192
840,Zolly,Fallanche,zfallanchenb@etsy.com,Female,88.198.101.137
841,Vale,Cloute,vcloutenc@wikipedia.org,Male,199.29.43.203
842,Electra,Sawle,esawlend@gizmodo.com,Female,193.214.199.30
843,Waverley,Rowswell,wrowswellne@about.com,Male,109.26.253.136
844,Eulalie,Elsmere,eelsmerenf@bravesites.com,Male,8.180.249.136
845,Arney,Dodman,adodmanng@arstechnica.com,Female,229.10.29.254
846,Nell,Orred,norrednh@bloglines.com,Bigender,96.106.20.72
847,Roby,Tritton,rtrittonni@sfgate.com,Female,30.189.88.150
848,Corri,Brent,cbrentnj@blogtalkradio.com,Female,3.209.193.112
849,Yvor,Wressell,ywressellnk@harvard.edu,Male,81.128.19.153
850,Matthaeus,Lasty,mlastynl@virginia.edu,Female,111.118.12.97
851,Ina,Ramsted,iramstednm@wired.com,Female,43.149.206.167
852,Devinne,Simenet,dsimenetnn@hao123.com,Female,41.122.92.164
853,Anneliese,Bazley,abazleyno@ca.gov,Female,229.94.172.1
854,Evania,Kill,ekillnp@sciencedirect.com,Male,177.184.106.25
855,Matti,McCalister,mmccalisternq@wp.com,Male,32.74.60.142
856,Nicholle,Janz,njanznr@a8.net,Female,39.92.69.132
857,Sheree,Dinan,sdinanns@themeforest.net,Male,24.111.195.178
858,Bab,Dauby,bdaubynt@infoseek.co.jp,Female,126.189.157.80
859,Eyde,Mozzetti,emozzettinu@elegantthemes.com,Female,169.232.172.187
860,Perry,Deeley,pdeeleynv@cargocollective.com,Male,34.74.91.100
861,Rosemaria,Poker,rpokernw@digg.com,Female,213.91.91.226
862,Lacee,Kunzler,lkunzlernx@mashable.com,Female,231.231.68.55
863,Quincey,Cod,qcodny@nymag.com,Polygender,53.80.125.41
864,Jacinda,Deverell,jdeverellnz@etsy.com,Female,243.45.137.125
865,Olga,Caustic,ocaustico0@wikispaces.com,Male,108.80.72.8
866,Ulick,Cobello,ucobelloo1@geocities.com,Female,20.151.161.151
867,Sol,Flatt,sflatto2@drupal.org,Female,119.79.227.195
868,Konstantine,Solan,ksolano3@elpais.com,Female,250.213.121.65
869,Andres,Iacobucci,aiacobuccio4@a8.net,Male,118.145.216.61
870,Charlean,Toor,ctooro5@is.gd,Polygender,125.96.74.127
871,Debi,Overy,doveryo6@seattletimes.com,Female,56.157.94.250
872,Lissa,Lucy,llucyo7@google.fr,Female,14.91.139.188
873,Jaynell,Hallagan,jhallagano8@go.com,Female,188.101.97.78
874,Sybila,Doulton,sdoultono9@istockphoto.com,Male,1.48.100.109
875,Reggi,McMenamin,rmcmenaminoa@indiatimes.com,Male,115.103.45.223
876,Albrecht,Fonte,afonteob@github.com,Male,189.36.24.171
877,Jessie,Jodrelle,jjodrelleoc@trellian.com,Male,9.115.116.217
878,Irv,Backshill,ibackshillod@xinhuanet.com,Non-binary,61.206.232.52
879,Gae,Bruford,gbrufordoe@google.com,Male,217.35.222.146
880,Susie,Sisley,ssisleyof@miitbeian.gov.cn,Female,147.238.115.84
881,Alfie,Rosenkrantz,arosenkrantzog@ucla.edu,Genderfluid,84.39.176.3
882,Cad,Western,cwesternoh@cnet.com,Female,99.246.23.149
883,Garner,Foskett,gfoskettoi@sbwire.com,Female,156.166.127.0
884,Karon,Olifaunt,kolifauntoj@sphinn.com,Female,222.194.46.248
885,Schuyler,Crennell,scrennellok@noaa.gov,Male,45.130.214.93
886,Shayne,Hatje,shatjeol@rambler.ru,Female,68.128.84.76
887,Mano,Witz,mwitzom@icio.us,Female,208.139.255.212
888,Nyssa,Phillippo,nphillippoon@umn.edu,Female,59.52.167.83
889,Alfreda,McDougal,amcdougaloo@jalbum.net,Male,231.143.214.80
890,Mag,Tuison,mtuisonop@moonfruit.com,Female,98.85.177.30
891,Etan,Corkish,ecorkishoq@dailymail.co.uk,Male,82.122.137.251
892,Donnell,Guihen,dguihenor@umich.edu,Female,194.64.168.155
893,Lorne,Evreux,levreuxos@yahoo.com,Male,85.250.194.66
894,Obed,Ferrieres,oferrieresot@nifty.com,Female,83.126.8.72
895,Maura,Trevaskiss,mtrevaskissou@guardian.co.uk,Female,160.92.24.72
896,Louisa,Skeffington,lskeffingtonov@telegraph.co.uk,Male,207.69.123.74
897,Ursulina,Colquyte,ucolquyteow@sitemeter.com,Female,14.63.5.239
898,Mackenzie,Omand,momandox@aboutads.info,Male,127.243.20.179
899,Herold,Comins,hcominsoy@delicious.com,Bigender,73.245.176.226
900,Marget,Flint,mflintoz@jigsy.com,Non-binary,19.187.238.192
901,Elihu,Thoms,ethomsp0@yellowpages.com,Male,25.251.193.232
902,Hildagarde,Defont,hdefontp1@timesonline.co.uk,Female,72.32.27.162
903,Kristofor,Blaza,kblazap2@google.com.au,Male,53.219.168.32
904,Brewer,Vynehall,bvynehallp3@elegantthemes.com,Female,242.37.179.103
905,Kimberly,Jarvis,kjarvisp4@comcast.net,Male,73.161.127.209
906,Verge,McCard,vmccardp5@biglobe.ne.jp,Male,121.99.182.77
907,Talia,Cornejo,tcornejop6@simplemachines.org,Male,23.77.100.95
908,Abagail,Guinness,aguinnessp7@ft.com,Male,183.244.145.75
909,Dru,Fernyhough,dfernyhoughp8@deviantart.com,Male,126.189.126.36
910,Zollie,Doble,zdoblep9@nifty.com,Male,200.128.249.63
911,Esta,Welds,eweldspa@cargocollective.com,Agender,190.246.127.247
912,Rog,Matthensen,rmatthensenpb@newyorker.com,Female,146.198.159.119
913,Carolus,Sara,csarapc@nationalgeographic.com,Male,252.73.228.151
914,Nesta,Lamberteschi,nlamberteschipd@narod.ru,Genderqueer,229.155.102.23
915,Chadd,Hannigan,channiganpe@discuz.net,Female,67.129.10.103
916,Bunni,Rieme,briemepf@dailymotion.com,Female,162.6.57.142
917,Austin,Pottle,apottlepg@scribd.com,Male,36.27.199.19
918,Cilka,Marritt,cmarrittph@timesonline.co.uk,Female,77.212.38.184
919,Caryn,Guye,cguyepi@sciencedirect.com,Genderfluid,143.174.24.100
920,Roscoe,Heersema,rheersemapj@histats.com,Female,249.35.66.49
921,Colleen,Marvelley,cmarvelleypk@cbsnews.com,Male,87.65.9.122
922,Beverie,Bleiman,bbleimanpl@omniture.com,Female,42.170.82.102
923,Karlens,Wiggington,kwiggingtonpm@clickbank.net,Female,27.136.33.120
924,Abbie,Hadfield,ahadfieldpn@statcounter.com,Female,3.178.211.198
925,Keenan,Vanyutin,kvanyutinpo@gnu.org,Male,201.69.1.137
926,Baillie,Guiraud,bguiraudpp@t-online.de,Genderfluid,254.224.31.250
927,Lucais,Bradder,lbradderpq@wufoo.com,Female,88.251.210.127
928,Lucita,Rubel,lrubelpr@microsoft.com,Male,71.160.239.57
929,Christiano,Jedraszek,cjedraszekps@epa.gov,Non-binary,122.222.244.141
930,Augusta,Iori,aioript@slate.com,Genderfluid,253.243.81.146
931,Enrica,Amberger,eambergerpu@ning.com,Male,59.174.194.87
932,Haleigh,Claire,hclairepv@cmu.edu,Male,31.131.184.152
933,Giulietta,Exelby,gexelbypw@usa.gov,Female,36.149.205.40
934,Vally,Cultcheth,vcultchethpx@dagondesign.com,Male,1.113.179.60
935,Osborn,Jankin,ojankinpy@bloomberg.com,Male,43.204.4.10
936,Horatio,Tewkesbury,htewkesburypz@nsw.gov.au,Female,198.117.152.130
937,Sly,Biasi,sbiasiq0@moonfruit.com,Male,211.52.138.60
938,Aleda,Gonnely,agonnelyq1@tinypic.com,Male,30.155.238.193
939,Chance,McReidy,cmcreidyq2@va.gov,Female,133.160.117.251
940,Jethro,Robinett,jrobinettq3@discovery.com,Female,28.64.77.117
941,Dianne,Farrears,dfarrearsq4@disqus.com,Male,1.89.94.219
942,Ludvig,Dempsey,ldempseyq5@pbs.org,Female,193.216.104.213
943,Morgun,Jellicorse,mjellicorseq6@nydailynews.com,Non-binary,14.3.202.49
944,Bailey,Baron,bbaronq7@cam.ac.uk,Female,98.148.83.29
945,Gideon,Gors,ggorsq8@narod.ru,Female,247.90.51.176
946,Brucie,Dockrey,bdockreyq9@simplemachines.org,Male,84.238.241.76
947,Leshia,Budgett,lbudgettqa@1und1.de,Female,255.117.79.151
948,Anissa,Swanton,aswantonqb@amazon.co.uk,Female,107.166.49.109
949,Alisander,Rickerby,arickerbyqc@themeforest.net,Female,192.1.215.158
950,Leigh,Prawle,lprawleqd@geocities.com,Female,156.98.244.237
951,Roby,Stonhewer,rstonhewerqe@wiley.com,Male,98.43.231.144
952,Derick,McCritichie,dmccritichieqf@wired.com,Female,245.171.73.114
953,Terri,O'Neill,toneillqg@ed.gov,Male,24.56.247.62
954,Corey,Terrell,cterrellqh@nature.com,Male,204.124.92.223
955,Shayne,Locke,slockeqi@answers.com,Female,150.119.61.129
956,Victoir,Pallent,vpallentqj@nih.gov,Female,73.45.32.166
957,Di,Case,dcaseqk@discuz.net,Male,199.54.112.226
958,Mace,Gadault,mgadaultql@mozilla.com,Bigender,135.56.211.38
959,Ingelbert,Bartkowiak,ibartkowiakqm@ca.gov,Male,148.254.161.74
960,Katee,Anthes,kanthesqn@globo.com,Male,221.137.209.119
961,Hillary,Stotherfield,hstotherfieldqo@miibeian.gov.cn,Male,99.170.239.247
962,Merl,Bruck,mbruckqp@yolasite.com,Male,43.195.142.126
963,Nesta,Colloff,ncolloffqq@harvard.edu,Male,56.117.129.2
964,Valentine,Adamo,vadamoqr@sun.com,Female,237.174.246.70
965,Ty,Corbet,tcorbetqs@europa.eu,Male,250.133.98.88
966,Shaun,Giannini,sgianniniqt@feedburner.com,Female,66.253.246.125
967,April,Ecob,aecobqu@samsung.com,Male,76.120.203.210
968,Tori,Parkin,tparkinqv@nih.gov,Male,21.2.11.234
969,Sharyl,Spelling,sspellingqw@theglobeandmail.com,Male,198.213.242.40
970,Jonie,Klimkowski,jklimkowskiqx@narod.ru,Non-binary,191.103.169.231
971,Gussy,Fernley,gfernleyqy@hhs.gov,Male,74.207.176.94
972,Irene,Prout,iproutqz@skyrock.com,Male,247.25.218.88
973,Venita,Mushet,vmushetr0@multiply.com,Female,153.106.218.169
974,Mychal,Lamming,mlammingr1@theguardian.com,Female,90.124.43.13
975,Hedvige,Wrathmell,hwrathmellr2@google.co.jp,Male,213.187.66.118
976,Kienan,Martindale,kmartindaler3@mail.ru,Female,231.21.206.153
977,Marshal,MacClancey,mmacclanceyr4@simplemachines.org,Male,194.110.184.29
978,Samaria,Carden,scardenr5@toplist.cz,Male,54.241.111.92
979,Honoria,Riche,hricher6@webmd.com,Female,247.211.199.223
980,Cordy,Swayton,cswaytonr7@paginegialle.it,Female,234.220.90.153
981,Hazel,Swinney,hswinneyr8@tuttocitta.it,Agender,1.192.29.68
982,Anett,Ailmer,aailmerr9@ca.gov,Female,151.90.39.41
983,Tam,Bedminster,tbedminsterra@epa.gov,Female,241.205.199.83
984,Vale,Shill,vshillrb@state.tx.us,Female,7.24.162.21
985,Denna,Littler,dlittlerrc@admin.ch,Female,75.157.13.188
986,Everett,Ossipenko,eossipenkord@nbcnews.com,Male,199.71.208.59
987,Hannis,McGraw,hmcgrawre@ft.com,Female,93.44.248.156
988,Sonnie,Donaway,sdonawayrf@mysql.com,Female,120.253.63.3
989,Melony,Binyon,mbinyonrg@jiathis.com,Male,136.150.56.212
990,Kristel,Domican,kdomicanrh@vkontakte.ru,Female,13.1.212.242
991,Erl,Cordy,ecordyri@instagram.com,Female,114.42.22.103
992,Mady,Harome,mharomerj@privacy.gov.au,Female,19.211.37.62
993,Sigvard,Cathesyed,scathesyedrk@nba.com,Female,25.125.236.253
994,Louella,Rosbrough,lrosbroughrl@fda.gov,Female,142.95.32.33
995,Jeramie,Harrowell,jharrowellrm@themeforest.net,Male,94.155.231.138
996,Barbara,Keunemann,bkeunemannrn@4shared.com,Female,151.81.76.75
997,Diena,Libbe,dlibbero@statcounter.com,Male,29.5.18.193
998,Kassandra,Pinock,kpinockrp@pcworld.com,Female,33.182.228.131
999,Ingelbert,Nudd,inuddrq@blinklist.com,Male,210.234.27.121
1000,Corey,Flippen,cflippenrr@eepurl.com,Female,96.103.100.16
