id,first_name,last_name,email,gender,ip_address
1,Raffaello,Dyzart,rdyzart0@mashable.com,Male,144.150.35.230
2,Herman,Beresfore,hberesfore1@ibm.com,Female,2.63.156.255
3,Arda,Lenoir,alenoir2@discuz.net,Female,21.182.135.176
4,Viki,Bernardo,vbernardo3@themeforest.net,Female,215.222.38.214
5,Antoni,De la Barre,adelabarre4@latimes.com,Female,167.194.156.111
6,Zach,Santon,zsanton5@dyndns.org,Female,67.93.155.31
7,Alphard,Lidden,alidden6@reference.com,Male,126.158.206.138
8,Chlo,Leadbeatter,cleadbeatter7@blinklist.com,Female,116.199.38.212
9,Regine,Hinemoor,rhinemoor8@microsoft.com,Male,166.145.65.127
10,Kimbra,Derrington,kderrington9@sciencedirect.com,Female,44.21.191.39
11,Flin,Shipway,fshipwaya@usgs.gov,Female,103.84.136.38
12,Mauricio,Wickenden,mwickendenb@issuu.com,Female,171.255.55.50
13,Leodora,Rowcliffe,lrowcliffec@taobao.com,Male,245.118.123.90
14,Reta,Whitehorn,rwhitehornd@squarespace.com,Female,55.131.43.107
15,Welch,Brotherhed,wbrotherhede@mysql.com,Female,241.66.207.219
16,Lawrence,Urlich,lurlichf@springer.com,Male,141.8.228.162
17,Sarina,Gallifont,sgallifontg@zimbio.com,Female,54.28.108.184
18,Johnathon,Bloan,jbloanh@noaa.gov,Male,192.199.165.241
19,Reg,Farthin,rfarthini@umn.edu,Male,100.87.240.38
20,Alaric,Grzegorczyk,agrzegorczykj@histats.com,Genderqueer,114.89.108.195
21,Jorge,Giovani,jgiovanik@wordpress.com,Non-binary,31.1.212.46
22,Sallie,McLugish,smclugishl@ucoz.com,Female,205.155.250.151
23,Linn,Bosden,lbosdenm@umich.edu,Male,176.3.10.140
24,Kattie,Rixon,krixonn@hao123.com,Male,4.153.81.49
25,Roanna,Fewell,rfewello@xrea.com,Male,175.212.97.85
26,Gerik,Rysdale,grysdalep@homestead.com,Male,47.22.25.149
27,Tally,Chettle,tchettleq@google.nl,Male,26.93.47.11
28,Teena,Itzchaky,titzchakyr@ebay.com,Male,170.69.6.18
29,Richmound,Maylin,rmaylins@businessinsider.com,Male,208.37.253.200
30,Vanessa,Dawley,vdawleyt@posterous.com,Female,253.45.28.250
31,Dawn,Neenan,dneenanu@cafepress.com,Male,173.7.220.219
32,Nelson,Piggen,npiggenv@about.me,Male,121.44.224.38
33,Hobie,Byrom,hbyromw@uiuc.edu,Male,221.47.46.220
34,Sheppard,Glaserman,sglasermanx@vkontakte.ru,Female,81.38.6.160
35,Carmelia,Daunter,cdauntery@blogtalkradio.com,Male,126.226.36.155
36,Vere,Pritchard,vpritchardz@printfriendly.com,Male,41.77.95.128
37,Egor,Corr,ecorr10@netvibes.com,Male,90.193.161.54
38,Dan,Male,dmale11@admin.ch,Male,253.248.244.225
39,Jarad,Reddle,jreddle12@freewebs.com,Male,97.237.202.141
40,Nikoletta,Keats,nkeats13@umich.edu,Female,55.29.139.208
41,Suzie,Marney,smarney14@nba.com,Female,245.246.76.145
42,Arnold,Wilman,awilman15@friendfeed.com,Female,74.127.190.110
43,Felipa,Raynard,fraynard16@pbs.org,Female,175.253.71.87
44,Eveline,O'Fihily,eofihily17@washingtonpost.com,Male,64.114.200.64
45,Kane,Parades,kparades18@huffingtonpost.com,Male,56.195.79.114
46,Mitchell,Judd,mjudd19@miibeian.gov.cn,Female,23.201.227.196
47,Lyle,Piggin,lpiggin1a@tamu.edu,Male,7.238.122.247
48,Broddy,Berrey,bberrey1b@house.gov,Male,134.142.54.93
49,Witty,Mattheissen,wmattheissen1c@bing.com,Male,166.132.41.240
50,Maje,Danielsson,mdanielsson1d@nyu.edu,Male,200.226.217.244
51,Dorothy,Andren,dandren1e@trellian.com,Male,182.55.192.70
52,Ula,Burbury,uburbury1f@mashable.com,Female,139.192.5.181
53,Dawna,Keane,dkeane1g@webs.com,Male,46.194.241.215
54,Carley,Paterson,cpaterson1h@apple.com,Polygender,109.130.22.121
55,Thorstein,Sandle,tsandle1i@omniture.com,Female,170.156.52.23
56,Winne,Faccini,wfaccini1j@fastcompany.com,Female,4.235.251.253
57,Pepi,Fairholme,pfairholme1k@whitehouse.gov,Polygender,46.115.238.86
58,Bondie,Da Costa,bdacosta1l@hp.com,Male,12.217.76.117
59,Jerad,Blunsom,jblunsom1m@soundcloud.com,Female,32.158.88.69
60,Orlan,Huish,ohuish1n@eepurl.com,Male,212.30.93.217
61,Lucian,Feron,lferon1o@facebook.com,Male,237.238.70.244
62,Carin,Colomb,ccolomb1p@reddit.com,Male,109.122.163.230
63,Lawrence,Broxap,lbroxap1q@msn.com,Male,131.227.169.95
64,Kare,Vankov,kvankov1r@devhub.com,Genderfluid,213.79.55.167
65,Viviana,Postans,vpostans1s@fotki.com,Male,101.112.182.52
66,Aaren,Rodden,arodden1t@yahoo.co.jp,Female,68.29.141.18
67,Avis,Hollow,ahollow1u@tmall.com,Bigender,55.84.154.29
68,Nikolas,Dounbare,ndounbare1v@histats.com,Female,41.46.68.5
69,Domenico,Aguirrezabala,daguirrezabala1w@discovery.com,Female,22.14.221.149
70,Ailina,Hitchens,ahitchens1x@bbc.co.uk,Male,254.35.98.202
71,Harriette,Johnikin,hjohnikin1y@cbc.ca,Male,166.15.183.189
72,Fredia,Braunfeld,fbraunfeld1z@whitehouse.gov,Female,55.206.30.34
73,Alicea,Pethrick,apethrick20@wired.com,Female,184.201.238.139
74,Barret,Hardington,bhardington21@trellian.com,Female,19.247.98.127
75,Josias,Deabill,jdeabill22@mozilla.com,Female,93.133.82.229
76,Garwood,Clever,gclever23@webeden.co.uk,Female,171.200.173.33
77,Elsy,Marsh,emarsh24@apache.org,Male,111.3.6.164
78,Arron,Duerden,aduerden25@bbc.co.uk,Female,112.3.95.234
79,Sarge,Gilbride,sgilbride26@e-recht24.de,Male,219.42.45.186
80,Tandie,Hulke,thulke27@vimeo.com,Genderfluid,131.148.158.15
81,Quill,Andraud,qandraud28@psu.edu,Female,217.118.48.157
82,Bevvy,Colleton,bcolleton29@intel.com,Female,201.210.9.191
83,Inna,Redmond,iredmond2a@yandex.ru,Agender,88.147.113.225
84,Ira,Dancer,idancer2b@wsj.com,Female,75.18.130.145
85,Becki,Cantero,bcantero2c@ycombinator.com,Agender,236.157.112.71
86,Edsel,Thireau,ethireau2d@blogtalkradio.com,Female,240.129.175.214
87,Tucker,Maffini,tmaffini2e@npr.org,Female,25.52.92.245
88,Natalya,Golland,ngolland2f@google.fr,Female,207.184.196.57
89,Enrique,Meneur,emeneur2g@soup.io,Male,46.56.139.93
90,Sianna,Clail,sclail2h@patch.com,Male,240.152.204.15
91,Harlie,Cultcheth,hcultcheth2i@sourceforge.net,Polygender,250.216.194.206
92,Paule,MacPaike,pmacpaike2j@fastcompany.com,Female,33.55.156.184
93,Phillie,Martensen,pmartensen2k@buzzfeed.com,Male,91.16.128.80
94,Lorenzo,Preene,lpreene2l@delicious.com,Male,32.245.197.34
95,Banky,Whear,bwhear2m@istockphoto.com,Female,15.33.166.111
96,Mikol,Parysowna,mparysowna2n@house.gov,Male,138.213.107.172
97,Miltie,Marginson,mmarginson2o@jugem.jp,Female,132.198.154.205
98,Vanya,Tejero,vtejero2p@utexas.edu,Female,238.177.194.141
99,Nataniel,Tompkinson,ntompkinson2q@stanford.edu,Male,251.25.219.68
100,Ruby,Musla,rmusla2r@salon.com,Female,162.251.104.17
