id,first_name,last_name,email,gender,ip_address
1,Bertram,Flippen,bflippen0@independent.co.uk,Male,178.232.11.7
2,Margaux,Sutch,msutch1@jugem.jp,Male,190.189.59.172
3,Patrick,Prall,pprall2@yandex.ru,Male,174.35.127.33
4,Ryann,Toohey,rtoohey3@opera.com,Agender,110.205.66.223
5,Elsey,Berka,eberka4@addthis.com,Male,179.137.253.244
6,Guthrie,Abrahart,gabrahart5@example.com,Male,214.252.113.136
7,Nissa,Bisco,nbisco6@altervista.org,Female,14.199.28.42
8,Friederike,Simeon,fsimeon7@narod.ru,Female,57.229.124.63
9,Gennifer,Jedrzejczyk,gjedrzejczyk8@sphinn.com,Female,4.125.235.228
10,Adham,Bomb,abomb9@taobao.com,Female,33.90.177.46
11,Wat,Gladtbach,wgladtbacha@answers.com,Male,220.230.178.27
12,Charmaine,Dobbin,cdobbinb@vk.com,Male,64.146.231.247
13,Freddy,Jiruch,fjiruchc@fastcompany.com,Male,80.16.115.102
14,Birch,Burgon,bburgond@usgs.gov,Male,163.2.58.135
15,Annabelle,Cornejo,acornejoe@google.pl,Male,194.9.123.93
16,Lewie,Chantillon,lchantillonf@hhs.gov,Male,60.77.234.99
17,Jess,Fortescue,jfortescueg@icio.us,Polygender,213.214.88.140
18,Florian,Lehemann,flehemannh@howstuffworks.com,Male,177.111.52.151
19,Kylynn,Bance,kbancei@mail.ru,Female,107.54.51.126
20,Siouxie,Korbmaker,skorbmakerj@naver.com,Female,10.27.208.250
21,Abbot,O'Fogarty,aofogartyk@multiply.com,Female,179.134.109.110
22,Pearle,Gley,pgleyl@wsj.com,Male,183.50.200.146
23,Fleur,Butland,fbutlandm@behance.net,Female,197.193.133.156
24,Joceline,McEvoy,jmcevoyn@ucsd.edu,Female,183.115.230.144
25,Alvis,Duerdin,aduerdino@etsy.com,Female,6.28.103.3
26,Corby,Broadwood,cbroadwoodp@blogger.com,Male,196.196.90.200
27,Dmitri,Robottham,drobotthamq@geocities.jp,Male,242.92.96.196
28,Wyn,Markie,wmarkier@whitehouse.gov,Male,140.185.142.115
29,Ofilia,Denson,odensons@devhub.com,Male,59.139.95.100
30,Ladonna,Claydon,lclaydont@businessweek.com,Female,104.4.129.200
31,Desdemona,Rizzolo,drizzolou@pinterest.com,Male,143.103.90.210
32,Free,De Morena,fdemorenav@ox.ac.uk,Female,133.101.48.40
33,Malorie,Percival,mpercivalw@dmoz.org,Male,28.117.13.156
34,Monah,Askey,maskeyx@google.ru,Female,190.2.68.202
35,Viv,Bradshaw,vbradshawy@home.pl,Male,155.10.228.181
36,Rodolph,Boij,rboijz@yale.edu,Male,159.73.217.214
37,Clemmy,Von Salzberg,cvonsalzberg10@samsung.com,Male,50.63.146.246
38,Wolfie,Ceeley,wceeley11@plala.or.jp,Male,118.118.206.179
39,Arabela,Ugoni,augoni12@cdc.gov,Female,56.228.172.254
40,Jaclin,Styche,jstyche13@dailymotion.com,Male,93.132.183.40
41,Christi,Alexis,calexis14@who.int,Male,139.7.247.65
42,Aidan,Cardenosa,acardenosa15@hhs.gov,Male,211.113.61.41
43,Valentijn,Castelain,vcastelain16@miibeian.gov.cn,Female,111.150.229.55
44,Tibold,Graeber,tgraeber17@loc.gov,Genderqueer,162.121.178.24
45,Collin,Brocklehurst,cbrocklehurst18@home.pl,Male,169.136.206.234
46,Delmor,Roache,droache19@ning.com,Female,128.204.230.72
47,Gordan,Gamet,ggamet1a@fc2.com,Male,62.174.114.105
48,Finn,O'Brian,fobrian1b@networkadvertising.org,Female,28.49.34.107
49,Theo,Stenner,tstenner1c@furl.net,Genderqueer,157.47.120.63
50,Dorree,Giffen,dgiffen1d@sphinn.com,Male,242.52.109.158
51,Jobey,Freddi,jfreddi1e@foxnews.com,Male,69.169.67.116
52,Clemmy,Galero,cgalero1f@delicious.com,Female,24.122.61.42
53,Alberta,Schuelcke,aschuelcke1g@4shared.com,Male,192.109.167.112
54,Rowney,Liversley,rliversley1h@linkedin.com,Female,10.206.210.30
55,Sterling,Staddart,sstaddart1i@wikipedia.org,Female,198.97.24.167
56,Rachelle,Bird,rbird1j@webnode.com,Genderqueer,99.61.146.242
57,Saxon,Mulvin,smulvin1k@blogtalkradio.com,Male,253.48.221.193
58,Cornie,Shaw,cshaw1l@usgs.gov,Male,95.84.69.46
59,Heath,Fillimore,hfillimore1m@free.fr,Male,45.72.220.38
60,Emalia,Tanfield,etanfield1n@uol.com.br,Male,86.111.104.241
61,Nev,Nelthorp,nnelthorp1o@sfgate.com,Male,208.184.147.46
62,Thibaut,Rallinshaw,trallinshaw1p@psu.edu,Female,12.44.10.146
63,Baird,Melburg,bmelburg1q@samsung.com,Female,109.133.212.167
64,Xaviera,Cowlin,xcowlin1r@cbslocal.com,Female,50.79.147.103
65,Cherie,Screeton,cscreeton1s@mozilla.com,Male,228.143.83.232
66,Perle,Truwert,ptruwert1t@aol.com,Male,30.109.167.101
67,Dorie,Jeary,djeary1u@dropbox.com,Male,189.242.112.246
68,Jacklyn,Ruttgers,jruttgers1v@google.co.uk,Non-binary,91.241.113.124
69,Bobby,Erickson,berickson1w@prweb.com,Agender,56.12.8.78
70,Papageno,Zanni,pzanni1x@ustream.tv,Female,156.121.210.139
71,Prissie,Echallier,pechallier1y@about.me,Male,61.127.191.80
72,Isidor,Silk,isilk1z@xing.com,Bigender,97.83.3.210
73,Charles,Corson,ccorson20@163.com,Agender,148.94.213.97
74,Alvis,Oleszcuk,aoleszcuk21@tiny.cc,Female,30.62.7.137
75,Cristabel,Broadey,cbroadey22@webeden.co.uk,Male,169.111.64.171
76,Eleanor,Seson,eseson23@google.pl,Male,109.125.104.222
77,Carleton,Rutherforth,crutherforth24@furl.net,Male,13.241.133.119
78,Valery,Alastair,valastair25@weibo.com,Female,27.51.198.177
79,Nobe,Illston,nillston26@nih.gov,Male,214.241.112.209
80,Ewen,Puig,epuig27@google.de,Male,59.135.248.227
81,Aggi,Tickel,atickel28@examiner.com,Female,30.189.233.244
82,Woodman,Norval,wnorval29@disqus.com,Female,155.29.36.134
83,Libbi,Lehenmann,llehenmann2a@devhub.com,Male,179.21.40.248
84,Justinn,Corran,jcorran2b@t.co,Female,30.79.8.83
85,Anna-maria,Matevosian,amatevosian2c@linkedin.com,Male,106.19.70.125
86,Janetta,Murrthum,jmurrthum2d@moonfruit.com,Female,124.223.209.78
87,Whitman,Hulland,whulland2e@amazon.com,Male,69.18.237.192
88,Auberta,Mee,amee2f@cloudflare.com,Male,31.109.41.198
89,Kania,Pray,kpray2g@is.gd,Female,80.57.30.253
90,Maisey,Briar,mbriar2h@t.co,Male,182.49.178.154
91,Jenda,Hewertson,jhewertson2i@nationalgeographic.com,Male,188.25.206.38
92,Brynne,Leadbeater,bleadbeater2j@nature.com,Female,126.15.107.4
93,Noe,Chaddock,nchaddock2k@hubpages.com,Female,206.10.93.137
94,Faye,Beevens,fbeevens2l@craigslist.org,Male,25.168.99.248
95,Pam,McCartney,pmccartney2m@marriott.com,Male,1.8.201.138
96,Mannie,Stanbro,mstanbro2n@artisteer.com,Male,105.178.66.52
97,Breena,Ilyukhov,bilyukhov2o@google.pl,Male,251.201.205.95
98,Kelbee,Warrender,kwarrender2p@pcworld.com,Male,164.188.219.92
99,Scarlett,Tatteshall,statteshall2q@1und1.de,Male,97.198.58.237
100,Clarita,Aldrin,caldrin2r@stumbleupon.com,Male,186.88.154.110
