id,first_name,last_name,email,gender,ip_address
1,Joshuah,Bednall,jbednall0@twitpic.com,Polygender,14.244.37.153
2,Loralyn,Franies,lfranies1@printfriendly.com,Male,11.197.122.206
3,Gabbie,Standering,gstandering2@businesswire.com,Female,99.252.51.101
4,Ermengarde,Pestricke,epestricke3@youtube.com,Female,174.255.139.170
5,Ella,Adamovsky,eadamovsky4@phoca.cz,Female,243.205.182.204
6,Frederigo,Brinded,fbrinded5@answers.com,Female,42.212.45.250
7,Wilma,Trousdell,wtrousdell6@irs.gov,Genderqueer,255.232.207.121
8,Lezlie,Epps,lepps7@vk.com,Male,14.131.206.214
9,Renata,MacVay,rmacvay8@paginegialle.it,Female,119.159.142.37
10,Brigida,Crowhurst,bcrowhurst9@delicious.com,Female,148.140.102.70
11,Denise,Salzberg,dsalzberga@sakura.ne.jp,Male,51.94.199.208
12,Hastie,Woollam,hwoollamb@statcounter.com,Female,119.183.10.137
13,Barbie,Beevers,bbeeversc@army.mil,Female,78.191.204.181
14,Roland,Lewendon,rlewendond@mit.edu,Male,130.140.100.8
15,Halie,Arrow,harrowe@typepad.com,Male,123.88.30.76
16,Ric,Patters,rpattersf@mediafire.com,Male,57.86.27.177
17,Ludwig,Alpine,lalpineg@goo.gl,Non-binary,175.62.114.3
18,Brent,Dyte,bdyteh@yellowbook.com,Female,174.160.39.37
19,Herold,Melbourne,hmelbournei@51.la,Female,198.245.24.195
20,Mordy,Taverner,mtavernerj@dailymotion.com,Male,51.96.183.58
21,Cindelyn,Mickleborough,cmickleboroughk@hibu.com,Female,30.158.106.130
22,Malinda,Resdale,mresdalel@com.com,Female,69.163.135.248
23,Eustace,Emmison,eemmisonm@netscape.com,Female,177.39.244.150
24,Alysa,Hurley,ahurleyn@sakura.ne.jp,Male,222.201.162.228
25,Molly,Beaney,mbeaneyo@github.io,Male,232.147.74.146
26,Gilbertina,Faltin,gfaltinp@java.com,Male,251.157.213.101
27,Christy,Procter,cprocterq@mit.edu,Male,46.43.151.89
28,Alaric,Pole,apoler@drupal.org,Female,111.93.83.96
29,Wendy,Trewartha,wtrewarthas@hatena.ne.jp,Male,186.198.223.24
30,Frankie,Kmietsch,fkmietscht@umich.edu,Female,122.169.202.38
31,Cassandre,Yerrill,cyerrillu@amazon.co.uk,Male,150.175.26.139
32,Darcy,Eccleston,decclestonv@tripadvisor.com,Female,162.119.25.214
33,Brittne,Farrall,bfarrallw@i2i.jp,Male,32.197.51.211
34,Drusi,Vahey,dvaheyx@howstuffworks.com,Female,162.13.159.149
35,Ranna,Rospars,rrosparsy@ca.gov,Female,74.178.81.116
36,Benedick,Straun,bstraunz@uol.com.br,Male,155.191.35.145
37,Lynnea,Benoey,lbenoey10@live.com,Male,150.63.229.131
38,Ronald,Jurries,rjurries11@webs.com,Male,84.14.7.123
39,Clair,Robison,crobison12@psu.edu,Male,210.28.39.18
40,Daria,Mohan,dmohan13@foxnews.com,Female,11.57.46.172
41,Nickey,Dummer,ndummer14@google.it,Male,161.174.88.139
42,Perren,Murkus,pmurkus15@dion.ne.jp,Male,127.205.143.83
43,Sigfrid,Olliver,solliver16@home.pl,Male,154.214.137.3
44,Charmain,Switzer,cswitzer17@state.tx.us,Female,207.128.96.138
45,Hollis,Gailor,hgailor18@hao123.com,Male,193.43.99.188
46,Katinka,Adamiak,kadamiak19@theguardian.com,Female,14.131.15.137
47,Willard,Tinwell,wtinwell1a@dailymail.co.uk,Female,12.219.250.137
48,Susie,Brunsen,sbrunsen1b@surveymonkey.com,Female,59.45.54.64
49,Enid,Poncet,eponcet1c@youtu.be,Male,193.239.172.255
50,Phip,Merriday,pmerriday1d@chronoengine.com,Male,85.87.178.142
51,Olenolin,Stockow,ostockow1e@nationalgeographic.com,Male,204.167.150.81
52,Shelli,Duiguid,sduiguid1f@sbwire.com,Female,194.128.109.165
53,Dagmar,Mithon,dmithon1g@slideshare.net,Male,16.124.97.175
54,Horatia,Petracco,hpetracco1h@behance.net,Male,139.255.22.79
55,Antonella,Elleray,aelleray1i@tumblr.com,Female,1.185.149.226
56,Isidoro,Holtum,iholtum1j@tripod.com,Male,45.223.207.16
57,Hana,Topling,htopling1k@google.com,Female,169.121.11.96
58,Ugo,Crain,ucrain1l@elegantthemes.com,Male,32.86.162.92
59,Dar,Lande,dlande1m@washingtonpost.com,Male,210.152.255.44
60,Gilli,Gregoraci,ggregoraci1n@wikimedia.org,Male,49.11.30.191
61,Nikos,Swainston,nswainston1o@nydailynews.com,Female,252.56.211.111
62,Andeee,Copp,acopp1p@hud.gov,Female,180.118.95.31
63,Tiffie,Cesconi,tcesconi1q@tripadvisor.com,Female,168.39.69.175
64,Garland,Grieves,ggrieves1r@yale.edu,Female,136.153.172.235
65,Hana,Olifard,holifard1s@spiegel.de,Male,101.234.139.122
66,Nickola,Wank,nwank1t@alexa.com,Female,94.20.39.166
67,Desdemona,Handrek,dhandrek1u@seesaa.net,Male,27.140.72.134
68,Cosme,Duligal,cduligal1v@loc.gov,Female,174.189.65.187
69,Loree,Stanbrooke,lstanbrooke1w@1688.com,Female,135.245.118.123
70,Ollie,Bolter,obolter1x@histats.com,Female,1.32.190.184
71,Bernie,Torre,btorre1y@prnewswire.com,Male,198.252.12.220
72,Giorgi,Faragan,gfaragan1z@geocities.com,Female,41.107.61.112
73,Aleksandr,Flux,aflux20@infoseek.co.jp,Male,145.227.251.28
74,Mareah,Stampe,mstampe21@whitehouse.gov,Female,81.218.96.1
75,Mella,Kincaid,mkincaid22@nature.com,Female,102.165.4.172
76,Belita,Daniel,bdaniel23@slashdot.org,Male,52.74.235.202
77,Lindie,Bernardot,lbernardot24@upenn.edu,Female,24.105.176.160
78,Rodney,Lightbown,rlightbown25@cbslocal.com,Male,224.11.0.32
79,Cindee,Gaukroger,cgaukroger26@buzzfeed.com,Female,131.253.162.99
80,Toiboid,Jirik,tjirik27@reddit.com,Female,157.252.153.181
81,Dionis,Lawman,dlawman28@paginegialle.it,Male,88.229.239.244
82,Arabela,Barneveld,abarneveld29@amazon.de,Male,174.231.152.119
83,Ferne,Gregore,fgregore2a@vistaprint.com,Female,109.170.193.53
84,Neely,Bruins,nbruins2b@miibeian.gov.cn,Male,54.102.63.147
85,Therese,Witcherley,twitcherley2c@thetimes.co.uk,Male,10.42.182.101
86,Stillmann,Conradie,sconradie2d@house.gov,Female,38.157.128.23
87,Zebulon,Fazzioli,zfazzioli2e@dot.gov,Female,215.249.197.62
88,Kimbell,Manklow,kmanklow2f@craigslist.org,Male,74.18.103.149
89,Quincey,Villa,qvilla2g@nps.gov,Female,7.92.106.201
90,Audrye,Caltun,acaltun2h@go.com,Male,64.110.75.230
91,Zechariah,Iacovides,ziacovides2i@purevolume.com,Male,180.6.224.171
92,Cristionna,Churly,cchurly2j@epa.gov,Male,222.254.143.163
93,Kristian,Calvard,kcalvard2k@alexa.com,Male,159.136.183.81
94,Berk,Fisby,bfisby2l@pbs.org,Non-binary,47.71.216.50
95,Ardine,Anthonsen,aanthonsen2m@seattletimes.com,Female,226.143.164.88
96,Melissa,Eyrl,meyrl2n@abc.net.au,Male,166.56.45.15
97,Constanta,Caine,ccaine2o@edublogs.org,Female,98.252.91.19
98,Dory,Iddons,diddons2p@omniture.com,Female,164.195.3.196
99,Franchot,O'Teague,foteague2q@wikimedia.org,Female,32.171.58.59
100,Rowan,McBay,rmcbay2r@redcross.org,Female,241.55.18.228
101,Morganica,Bosket,mbosket2s@vimeo.com,Female,96.141.145.14
102,Arnaldo,O'Farrell,aofarrell2t@xing.com,Female,0.92.33.65
103,Rory,Grishukov,rgrishukov2u@reddit.com,Female,165.21.202.107
104,Giacobo,Needs,gneeds2v@prnewswire.com,Male,150.190.31.98
105,Rudolf,Dreghorn,rdreghorn2w@mozilla.com,Female,98.184.78.91
106,Lyssa,Paul,lpaul2x@cargocollective.com,Female,49.112.145.192
107,Christoffer,Gerald,cgerald2y@1und1.de,Male,10.148.65.185
108,Alysa,Morecomb,amorecomb2z@webs.com,Male,58.123.21.182
109,Tani,Lancley,tlancley30@nationalgeographic.com,Female,101.177.146.44
110,Kristel,Devanny,kdevanny31@elpais.com,Female,218.119.238.118
111,Hebert,Abate,habate32@hhs.gov,Female,164.77.225.218
112,Kristofor,Heard,kheard33@w3.org,Female,202.228.161.72
113,Sterne,Bosworth,sbosworth34@cocolog-nifty.com,Female,158.161.213.192
114,Ram,Leale,rleale35@parallels.com,Male,117.178.42.167
115,Kass,Stenett,kstenett36@exblog.jp,Male,206.145.202.189
116,Flore,Samples,fsamples37@java.com,Male,253.15.74.0
117,Antonin,Greenrod,agreenrod38@rakuten.co.jp,Female,11.186.151.94
118,Cloe,Kierans,ckierans39@cocolog-nifty.com,Male,14.138.35.160
119,Hodge,Haggith,hhaggith3a@godaddy.com,Male,157.43.163.94
120,Ariana,Harbertson,aharbertson3b@chicagotribune.com,Female,179.0.243.177
121,Sydney,MacDirmid,smacdirmid3c@histats.com,Female,21.247.167.35
122,Inessa,Aikman,iaikman3d@businesswire.com,Male,218.197.151.61
123,Shelby,Rodgers,srodgers3e@fotki.com,Male,161.255.57.204
124,Wilfred,Ruhben,wruhben3f@godaddy.com,Bigender,121.164.109.128
125,Gertrude,Turbern,gturbern3g@mail.ru,Female,136.114.213.230
126,Minna,Port,mport3h@slate.com,Male,18.55.2.36
127,Inge,Cockin,icockin3i@fda.gov,Male,236.154.5.0
128,Wilone,Toler,wtoler3j@ibm.com,Male,137.252.8.37
129,Frederique,Hustings,fhustings3k@hud.gov,Non-binary,209.98.130.225
130,Chance,Kupisz,ckupisz3l@lycos.com,Male,71.250.244.220
131,Jone,Jeavons,jjeavons3m@apache.org,Male,194.90.244.112
132,Harv,Beville,hbeville3n@google.cn,Male,154.111.108.94
133,Vally,Dooly,vdooly3o@theatlantic.com,Male,33.172.108.126
134,Lisabeth,Crispin,lcrispin3p@discuz.net,Male,238.243.219.17
135,Alaster,Tailby,atailby3q@i2i.jp,Polygender,56.175.30.226
136,Bryan,Colliss,bcolliss3r@marriott.com,Female,161.134.221.25
137,Maddie,Stringfellow,mstringfellow3s@fotki.com,Male,222.215.21.92
138,Olympia,Pacht,opacht3t@prnewswire.com,Male,206.91.227.29
139,Brunhilde,Lindstedt,blindstedt3u@nba.com,Genderqueer,82.92.51.250
140,Oates,Southward,osouthward3v@uol.com.br,Female,250.208.61.163
141,Myrle,Ellerman,mellerman3w@altervista.org,Male,10.48.86.85
142,Camey,Heimann,cheimann3x@taobao.com,Female,244.68.24.211
143,Elisabet,Ansell,eansell3y@weather.com,Male,108.12.248.114
144,Talya,Yankov,tyankov3z@theglobeandmail.com,Genderqueer,72.230.251.64
145,Chip,Wragg,cwragg40@pinterest.com,Female,164.146.238.205
146,Millisent,Claricoats,mclaricoats41@github.io,Female,251.3.105.199
147,Toddie,Ellesworth,tellesworth42@smugmug.com,Male,208.219.161.237
148,Adler,Potier,apotier43@is.gd,Female,147.119.214.218
149,Mariele,Roache,mroache44@uiuc.edu,Female,251.103.47.193
150,Aubrey,Prazor,aprazor45@ezinearticles.com,Male,14.170.198.91
151,Devlin,Bladesmith,dbladesmith46@deliciousdays.com,Male,47.221.145.101
152,Doris,Gosker,dgosker47@phoca.cz,Male,61.199.39.81
153,Hermine,Kliement,hkliement48@guardian.co.uk,Male,253.200.190.178
154,Sela,Althrop,salthrop49@independent.co.uk,Male,177.204.0.22
155,Constantia,Martugin,cmartugin4a@ifeng.com,Male,223.98.51.241
156,Grissel,Marrington,gmarrington4b@wp.com,Male,199.158.180.123
157,Muriel,Grunson,mgrunson4c@omniture.com,Agender,220.34.141.34
158,Jaquelin,Capponer,jcapponer4d@accuweather.com,Bigender,128.208.160.19
159,Trista,Murrum,tmurrum4e@ow.ly,Female,56.175.64.39
160,Corrie,Blakeston,cblakeston4f@google.pl,Female,202.127.70.180
161,Nehemiah,McClifferty,nmcclifferty4g@slideshare.net,Female,47.250.203.79
162,Judy,Boeter,jboeter4h@google.nl,Female,180.68.107.185
163,Billy,McCardle,bmccardle4i@about.com,Male,230.22.14.75
164,Georgia,Champe,gchampe4j@wikispaces.com,Female,57.214.81.50
165,Christos,Colbourn,ccolbourn4k@blogspot.com,Female,219.212.68.159
166,Tish,Camidge,tcamidge4l@ebay.co.uk,Female,226.145.98.202
167,Barthel,Mirams,bmirams4m@businessweek.com,Female,81.220.19.43
168,Chan,Kettlesing,ckettlesing4n@ca.gov,Male,18.229.221.203
169,Alaster,Vallis,avallis4o@irs.gov,Female,137.159.52.203
170,Albertina,Bartelet,abartelet4p@xing.com,Male,46.255.134.128
171,Germayne,Winward,gwinward4q@canalblog.com,Genderqueer,250.199.18.238
172,Anderson,Durward,adurward4r@addthis.com,Female,78.102.183.46
173,Faunie,Flintoff,fflintoff4s@nymag.com,Male,238.118.95.185
174,Sherwin,Bussell,sbussell4t@typepad.com,Female,91.213.186.35
175,Mead,Povey,mpovey4u@ca.gov,Polygender,248.96.231.28
176,Loretta,Buckwell,lbuckwell4v@yelp.com,Male,250.77.229.79
177,Bambie,Gramer,bgramer4w@foxnews.com,Male,140.226.111.241
178,Georgia,Adney,gadney4x@nyu.edu,Genderqueer,96.226.116.245
179,Boone,Tisun,btisun4y@globo.com,Female,172.105.178.246
180,Hillery,Ardley,hardley4z@altervista.org,Female,84.199.116.131
181,Nelia,Frankis,nfrankis50@diigo.com,Genderqueer,190.119.170.124
182,Shayla,Haddinton,shaddinton51@cargocollective.com,Female,67.25.237.37
183,Betteanne,Simeoli,bsimeoli52@pinterest.com,Male,163.15.50.248
184,Darcy,Samms,dsamms53@unblog.fr,Male,138.190.7.250
185,Blisse,Aronin,baronin54@friendfeed.com,Male,196.242.203.169
186,Marena,Lyte,mlyte55@yellowbook.com,Male,11.67.168.23
187,Gene,Kighly,gkighly56@mashable.com,Female,203.162.59.46
188,Dix,Fakes,dfakes57@nationalgeographic.com,Male,253.107.189.11
189,Michelina,Hairsnape,mhairsnape58@npr.org,Genderqueer,143.96.83.86
190,Jessie,Byrcher,jbyrcher59@dagondesign.com,Male,138.174.150.93
191,De,Strike,dstrike5a@globo.com,Female,45.13.170.45
192,Verney,Muldownie,vmuldownie5b@cocolog-nifty.com,Male,89.120.243.153
193,Aila,Smallpeace,asmallpeace5c@google.co.jp,Male,5.12.227.171
194,Ashley,Harhoff,aharhoff5d@go.com,Male,56.223.246.177
195,Odo,Richel,orichel5e@psu.edu,Female,100.215.200.193
196,Scarlet,MacAllister,smacallister5f@utexas.edu,Female,251.228.254.98
197,Annora,Brooke,abrooke5g@bigcartel.com,Male,250.181.223.203
198,Tucky,Kennerley,tkennerley5h@senate.gov,Genderfluid,40.41.5.14
199,Jerald,Persian,jpersian5i@storify.com,Male,130.0.210.135
200,Herman,Eudall,heudall5j@delicious.com,Female,42.20.208.48
201,Lissa,Hebburn,lhebburn5k@oracle.com,Female,11.44.58.232
202,Sharity,Dumelow,sdumelow5l@domainmarket.com,Male,142.54.28.177
203,Ron,Tatham,rtatham5m@posterous.com,Female,140.105.218.47
204,Remy,Heinschke,rheinschke5n@wordpress.com,Genderfluid,49.11.42.162
205,Rickey,Pratley,rpratley5o@free.fr,Female,57.215.43.119
206,Grannie,Clausen-Thue,gclausenthue5p@fc2.com,Male,28.240.158.72
207,Zelma,Pendre,zpendre5q@friendfeed.com,Female,185.70.94.216
208,Ansell,Tuft,atuft5r@soup.io,Female,55.255.233.98
209,Hubey,Britzius,hbritzius5s@pbs.org,Female,190.115.101.73
210,Edik,Walewski,ewalewski5t@nyu.edu,Male,62.245.169.173
211,Shir,Gingell,sgingell5u@cloudflare.com,Male,206.78.72.220
212,Caro,Cockhill,ccockhill5v@cmu.edu,Female,238.87.236.31
213,Scottie,Ferrillio,sferrillio5w@wikia.com,Female,5.169.39.95
214,Gladys,Duckerin,gduckerin5x@youtu.be,Female,1.225.122.228
215,Beatrix,Cutchie,bcutchie5y@1und1.de,Male,238.189.252.15
216,Joshuah,Chasier,jchasier5z@webeden.co.uk,Male,70.245.172.41
217,Fallon,Wigginton,fwigginton60@fotki.com,Male,140.1.54.251
218,Zenia,Pickance,zpickance61@goodreads.com,Female,27.212.32.59
219,Vanna,Dable,vdable62@economist.com,Male,95.123.131.167
220,Blinny,Heavens,bheavens63@rediff.com,Male,179.25.131.66
221,Kennan,Goundrill,kgoundrill64@baidu.com,Female,93.6.221.189
222,Russell,Pelfer,rpelfer65@webnode.com,Genderqueer,34.84.128.101
223,Kial,Oddboy,koddboy66@networkadvertising.org,Male,160.87.73.112
224,Elissa,Catton,ecatton67@washingtonpost.com,Male,96.224.192.103
225,Heinrick,Orniz,horniz68@dailymotion.com,Female,159.91.144.114
226,Daryle,Caras,dcaras69@chicagotribune.com,Female,214.68.112.180
227,Hans,Shipsey,hshipsey6a@51.la,Female,160.11.142.3
228,Woodrow,Brantl,wbrantl6b@xinhuanet.com,Male,85.28.155.28
229,Vilhelmina,Applewhite,vapplewhite6c@google.de,Agender,116.53.15.20
230,Miner,Brunetti,mbrunetti6d@alexa.com,Female,43.5.102.100
231,Deni,Screeton,dscreeton6e@dagondesign.com,Male,44.58.210.147
232,Cal,Sprouls,csprouls6f@cocolog-nifty.com,Female,112.52.203.224
233,Bat,Lidgerton,blidgerton6g@webeden.co.uk,Male,156.202.223.142
234,Kathryne,Rushby,krushby6h@google.com.br,Male,120.74.116.46
235,Ilysa,Weatherburn,iweatherburn6i@posterous.com,Female,202.220.211.42
236,Rory,Headon,rheadon6j@google.it,Male,101.64.172.141
237,Filbert,Perham,fperham6k@about.me,Male,233.253.145.184
238,Leda,Condict,lcondict6l@irs.gov,Male,75.233.199.255
239,Cathy,Laffranconi,claffranconi6m@posterous.com,Male,99.240.251.190
240,Geneva,Tuff,gtuff6n@ask.com,Female,138.73.3.242
241,Yalonda,Kenward,ykenward6o@blinklist.com,Male,218.16.223.102
242,Kirsteni,Areles,kareles6p@dailymail.co.uk,Male,171.94.187.54
243,Itch,Sames,isames6q@sbwire.com,Female,55.8.42.238
244,Pansy,Clearley,pclearley6r@blogspot.com,Female,110.159.236.205
245,Justine,Brimley,jbrimley6s@diigo.com,Male,5.76.71.253
246,Ferguson,Bonifant,fbonifant6t@drupal.org,Male,116.193.208.27
247,Cord,Tummons,ctummons6u@acquirethisname.com,Female,225.52.193.47
248,Ralph,Suttill,rsuttill6v@wiley.com,Female,194.84.220.88
249,Darelle,Ryde,dryde6w@google.co.jp,Female,182.27.148.190
250,Betty,Millar,bmillar6x@washington.edu,Female,92.118.173.132
251,Roxanna,Wicken,rwicken6y@ibm.com,Female,200.70.217.123
252,Dennie,Biggen,dbiggen6z@sphinn.com,Male,196.231.26.219
253,Sandro,Lithcow,slithcow70@webeden.co.uk,Male,112.6.71.137
254,Kathy,Kassidy,kkassidy71@reddit.com,Female,40.161.102.133
255,Donovan,Fordham,dfordham72@meetup.com,Bigender,125.156.228.228
256,Hercule,Taile,htaile73@ucla.edu,Male,58.39.88.50
257,Aubry,Ewence,aewence74@multiply.com,Female,72.15.198.104
258,Lion,Gerring,lgerring75@narod.ru,Female,52.94.196.188
259,Arlan,Candy,acandy76@networksolutions.com,Female,143.52.204.16
260,Guss,Tupper,gtupper77@zdnet.com,Female,239.198.50.120
261,Erna,Deetlof,edeetlof78@bizjournals.com,Female,4.71.206.201
262,Gery,Wooller,gwooller79@domainmarket.com,Female,59.236.13.229
263,Toddie,Tolefree,ttolefree7a@google.co.jp,Male,188.252.168.114
264,Alisha,Faltin,afaltin7b@google.ca,Male,120.4.107.250
265,Monika,Pain,mpain7c@ning.com,Female,150.255.90.201
266,Tamarah,Akerman,takerman7d@dailymotion.com,Female,90.147.2.221
267,Suzette,Guard,sguard7e@bloglovin.com,Male,230.9.255.179
268,Sansone,Raulston,sraulston7f@godaddy.com,Male,80.84.105.238
269,Imogen,Keys,ikeys7g@census.gov,Male,122.140.169.64
270,Emmalynn,Littlekit,elittlekit7h@reuters.com,Male,45.104.124.160
271,Shamus,Defraine,sdefraine7i@ed.gov,Male,128.215.140.246
272,Modestia,Mocher,mmocher7j@japanpost.jp,Male,94.228.161.163
273,Wendell,Klosa,wklosa7k@ow.ly,Female,34.32.116.249
274,Carmella,Bestiman,cbestiman7l@ibm.com,Female,224.112.251.82
275,Julieta,Manna,jmanna7m@cmu.edu,Female,56.205.41.249
276,Darleen,McGall,dmcgall7n@cmu.edu,Genderfluid,19.194.219.212
277,Angele,Baptiste,abaptiste7o@dion.ne.jp,Female,74.157.157.242
278,Dru,Kimmings,dkimmings7p@weather.com,Female,17.171.68.91
279,Andris,Otterwell,aotterwell7q@simplemachines.org,Agender,46.105.177.226
280,Lombard,Pumfrey,lpumfrey7r@spiegel.de,Male,94.58.42.242
281,Lane,Leece,lleece7s@nhs.uk,Female,227.225.179.69
282,Saunder,Jeary,sjeary7t@liveinternet.ru,Male,128.240.78.61
283,Alonso,Caren,acaren7u@berkeley.edu,Female,230.38.198.138
284,Lynnea,Preuvost,lpreuvost7v@tuttocitta.it,Genderqueer,218.132.159.220
285,Ora,Faloon,ofaloon7w@illinois.edu,Male,122.85.253.132
286,Vicki,Dominichetti,vdominichetti7x@mit.edu,Male,136.204.249.206
287,Lindon,Baumber,lbaumber7y@google.fr,Female,57.195.118.254
288,Bentlee,Meadway,bmeadway7z@phpbb.com,Male,219.84.234.190
289,Rurik,FitzGeorge,rfitzgeorge80@mashable.com,Female,160.173.175.194
290,Hurley,Eisak,heisak81@multiply.com,Male,165.222.19.230
291,Rennie,Davitti,rdavitti82@intel.com,Female,139.47.48.112
292,Raimund,Reimer,rreimer83@elpais.com,Male,54.87.20.148
293,Nico,Tortis,ntortis84@cbc.ca,Male,214.182.56.4
294,Conny,Bedbury,cbedbury85@walmart.com,Male,13.101.55.156
295,Emelda,Matthews,ematthews86@youku.com,Female,57.13.151.229
296,Dotti,Blondell,dblondell87@google.com.au,Male,255.9.38.216
297,Griffy,Beachem,gbeachem88@eventbrite.com,Female,25.202.86.129
298,Latrina,Sallowaye,lsallowaye89@acquirethisname.com,Male,16.212.97.87
299,Rianon,Floyed,rfloyed8a@flickr.com,Male,98.134.67.163
300,Zorina,Hessenthaler,zhessenthaler8b@tinypic.com,Male,12.98.220.181
301,Kristopher,Danielis,kdanielis8c@ycombinator.com,Male,189.240.149.249
302,Pail,Yakobovitz,pyakobovitz8d@theglobeandmail.com,Male,69.117.177.158
303,Bevon,Matteini,bmatteini8e@ted.com,Female,225.182.40.34
304,Danna,Nutting,dnutting8f@springer.com,Genderqueer,66.226.230.134
305,Stevana,Everard,severard8g@sohu.com,Male,58.135.104.245
306,Mariann,Bende,mbende8h@icio.us,Female,103.19.69.82
307,Huey,Danielsson,hdanielsson8i@skyrock.com,Female,47.47.133.203
308,Malissia,Boys,mboys8j@infoseek.co.jp,Female,213.240.79.152
309,Danna,Peschke,dpeschke8k@arizona.edu,Male,161.150.81.136
310,Cam,Warhurst,cwarhurst8l@themeforest.net,Female,223.23.43.153
311,Pembroke,Crosetto,pcrosetto8m@bizjournals.com,Male,35.185.34.186
312,Cloe,Giblett,cgiblett8n@ucla.edu,Male,25.252.214.241
313,Reynard,Doe,rdoe8o@icio.us,Female,163.237.140.211
314,Jaymie,Cohane,jcohane8p@unc.edu,Female,110.219.106.70
315,Dode,Millhouse,dmillhouse8q@bbb.org,Female,57.17.215.147
316,Cheri,Woodyeare,cwoodyeare8r@de.vu,Male,220.94.67.127
317,Abigale,McCromley,amccromley8s@myspace.com,Agender,158.47.191.194
318,Arlene,Tebboth,atebboth8t@simplemachines.org,Bigender,135.218.116.189
319,Findlay,Petrushka,fpetrushka8u@phoca.cz,Female,52.145.225.178
320,Tye,Storey,tstorey8v@usa.gov,Female,173.13.156.218
321,Berte,Tire,btire8w@seattletimes.com,Male,193.159.78.206
322,Livia,Bang,lbang8x@dion.ne.jp,Male,13.137.193.92
323,Willi,Baggally,wbaggally8y@cbslocal.com,Male,64.228.154.35
324,Cchaddie,Montgomery,cmontgomery8z@google.co.uk,Female,91.1.31.106
325,Barret,Chanson,bchanson90@utexas.edu,Male,108.141.82.155
326,Lacee,Crocken,lcrocken91@i2i.jp,Male,39.81.216.59
327,Lew,Fetherstonhaugh,lfetherstonhaugh92@people.com.cn,Male,195.105.144.186
328,Alphonse,Fried,afried93@amazon.co.uk,Male,231.91.69.165
329,Zerk,Dunwoody,zdunwoody94@shinystat.com,Male,59.82.163.200
330,Evonne,Eastgate,eeastgate95@go.com,Male,8.117.194.115
331,Omar,Rossoni,orossoni96@google.ru,Non-binary,144.236.198.6
332,Lukas,Feldbaum,lfeldbaum97@gizmodo.com,Male,220.176.92.72
333,De witt,Ida,dida98@zdnet.com,Female,188.127.239.177
334,Juli,Moorrud,jmoorrud99@blinklist.com,Female,67.73.93.190
335,Ibbie,Atyea,iatyea9a@stumbleupon.com,Female,25.243.125.240
336,Jennie,Yemm,jyemm9b@blogs.com,Male,76.182.76.32
337,Sandi,Bourne,sbourne9c@topsy.com,Female,18.136.114.30
338,Ester,Littell,elittell9d@princeton.edu,Male,81.64.45.199
339,Janeczka,Trathan,jtrathan9e@amazon.com,Female,9.25.249.179
340,Constance,Gosland,cgosland9f@imdb.com,Male,94.83.104.114
341,Elaina,Werrett,ewerrett9g@wiley.com,Male,46.199.10.217
342,Aubrette,Ambrogelli,aambrogelli9h@sohu.com,Male,200.170.167.87
343,Dorelle,Snaddon,dsnaddon9i@fda.gov,Male,83.94.90.201
344,Krysta,Madgin,kmadgin9j@slashdot.org,Female,80.195.232.23
345,Bertie,Sibbson,bsibbson9k@de.vu,Agender,142.243.65.85
346,Robers,Christescu,rchristescu9l@mtv.com,Male,108.94.27.155
347,Niko,Barrowclough,nbarrowclough9m@time.com,Male,212.60.207.157
348,Wilfred,Ffrench,wffrench9n@irs.gov,Female,74.134.83.144
349,Sylvia,Atterbury,satterbury9o@ask.com,Male,108.101.190.106
350,Amby,Kittoe,akittoe9p@behance.net,Female,246.43.242.124
351,Cesar,Reggio,creggio9q@blogger.com,Male,47.159.93.151
352,Hube,Geddis,hgeddis9r@canalblog.com,Male,188.213.240.83
353,Hy,Pitcher,hpitcher9s@youku.com,Female,178.157.98.177
354,Jennette,Offer,joffer9t@smugmug.com,Female,29.144.229.224
355,Doralynne,Gornall,dgornall9u@eepurl.com,Female,223.85.70.193
356,Morry,Dorrell,mdorrell9v@csmonitor.com,Female,92.221.65.121
357,Clarinda,Latliff,clatliff9w@gizmodo.com,Male,94.251.68.161
358,Hewet,Blomefield,hblomefield9x@studiopress.com,Agender,238.129.137.247
359,Arron,Bischop,abischop9y@skyrock.com,Female,4.172.47.201
360,Chuck,Burds,cburds9z@cnbc.com,Male,14.122.196.219
361,Meredeth,Lammenga,mlammengaa0@paypal.com,Female,75.222.72.87
362,Florette,Bartlett,fbartletta1@alibaba.com,Female,158.171.99.83
363,Fenelia,Impey,fimpeya2@google.ca,Male,49.128.233.0
364,Stace,Ebrall,sebralla3@infoseek.co.jp,Female,41.70.233.142
365,Gerald,Neasam,gneasama4@cbslocal.com,Female,154.22.250.133
366,Sadella,Stinchcombe,sstinchcombea5@histats.com,Female,60.146.226.147
367,Any,Pickworth,apickwortha6@epa.gov,Male,180.14.129.43
368,Lion,Oughton,loughtona7@tumblr.com,Female,106.198.51.0
369,Sallyanne,Dougal,sdougala8@livejournal.com,Agender,94.23.245.97
370,Madelena,Ruzic,mruzica9@indiatimes.com,Male,145.184.167.251
371,Hally,Hucker,hhuckeraa@squidoo.com,Male,70.62.129.6
372,Clo,Murcott,cmurcottab@hexun.com,Female,20.154.228.208
373,Saraann,Natalie,snatalieac@disqus.com,Male,174.147.215.168
374,Pavia,Winham,pwinhamad@themeforest.net,Male,65.51.193.72
375,Tracy,Flindall,tflindallae@people.com.cn,Female,233.97.223.162
376,Arin,Holbie,aholbieaf@sitemeter.com,Male,118.148.19.8
377,Ethelbert,Cowin,ecowinag@networkadvertising.org,Female,134.7.195.39
378,Janene,Hammelberg,jhammelbergah@spiegel.de,Female,131.97.200.60
379,Patrick,Syplus,psyplusai@stanford.edu,Male,153.145.192.98
380,Guy,Boneham,gbonehamaj@google.pl,Female,184.218.33.136
381,Atlante,Bisatt,abisattak@pbs.org,Female,173.201.202.32
382,Germaine,Merrington,gmerringtonal@opera.com,Male,69.106.18.23
383,Loria,Shemelt,lshemeltam@wiley.com,Genderfluid,178.154.132.121
384,Farrel,Trundler,ftrundleran@slideshare.net,Bigender,122.3.237.8
385,Gwen,Foulcher,gfoulcherao@weibo.com,Male,249.142.235.123
386,Nico,Tinston,ntinstonap@google.cn,Male,18.3.244.228
387,Gawain,Rzehorz,grzehorzaq@comcast.net,Male,250.180.27.95
388,Clint,O'Halligan,cohalliganar@vimeo.com,Female,137.207.162.23
389,Aldrich,Hambrick,ahambrickas@yahoo.co.jp,Female,217.254.148.161
390,Chip,Gowman,cgowmanat@youtu.be,Female,194.54.238.168
391,Noelyn,Trouel,ntrouelau@alexa.com,Male,10.252.131.193
392,Kellyann,Scothron,kscothronav@unesco.org,Female,112.167.10.131
393,Warde,Collens,wcollensaw@hhs.gov,Female,61.192.1.197
394,Gladi,Ellins,gellinsax@exblog.jp,Genderqueer,205.241.134.71
395,Michaella,O'Crowley,mocrowleyay@comcast.net,Male,201.51.76.111
396,Florencia,Manby,fmanbyaz@skyrock.com,Male,143.211.121.202
397,Eydie,Treen,etreenb0@baidu.com,Female,156.141.154.113
398,Eddie,Conaghy,econaghyb1@1688.com,Male,224.107.243.22
399,Mercie,O'Hannen,mohannenb2@mysql.com,Male,212.20.219.14
400,Tabitha,Wilshaw,twilshawb3@cmu.edu,Bigender,64.213.201.102
401,Shurlock,McGeachie,smcgeachieb4@mapquest.com,Male,154.151.75.111
402,Asher,Clitheroe,aclitheroeb5@themeforest.net,Female,47.45.139.221
403,Rosita,Bleasdille,rbleasdilleb6@mayoclinic.com,Male,40.155.57.24
404,Aldin,Wayte,awayteb7@dedecms.com,Genderqueer,196.181.37.200
405,Beauregard,Yersin,byersinb8@sfgate.com,Male,85.46.238.110
406,Gan,Postgate,gpostgateb9@nba.com,Male,117.243.171.97
407,Raul,Jakubovicz,rjakuboviczba@scientificamerican.com,Female,23.87.148.223
408,Angelika,Tubby,atubbybb@blog.com,Male,16.206.250.44
409,Vannie,Harrap,vharrapbc@bandcamp.com,Polygender,93.211.240.23
410,Sammy,Shear,sshearbd@trellian.com,Male,124.53.243.217
411,Tim,Birkhead,tbirkheadbe@csmonitor.com,Female,105.35.11.67
412,Stillmann,Instrell,sinstrellbf@plala.or.jp,Genderfluid,89.132.130.215
413,Nesta,Grigorkin,ngrigorkinbg@edublogs.org,Male,168.80.166.233
414,Audry,Raigatt,araigattbh@elegantthemes.com,Male,166.83.134.145
415,Lindie,Virr,lvirrbi@facebook.com,Male,76.198.173.214
416,Maximilianus,Liversage,mliversagebj@adobe.com,Polygender,127.202.52.10
417,Brandtr,Godber,bgodberbk@wikia.com,Male,97.254.182.31
418,Juan,Shales,jshalesbl@amazonaws.com,Female,138.42.63.198
419,Kermit,Handrek,khandrekbm@independent.co.uk,Male,28.238.106.182
420,Rick,Varndall,rvarndallbn@state.gov,Male,143.51.111.92
421,Kerwinn,Tym,ktymbo@wiley.com,Female,65.171.109.90
422,Jackelyn,Gossling,jgosslingbp@eventbrite.com,Male,136.121.186.166
423,Cam,McWard,cmcwardbq@bbb.org,Female,130.110.214.102
424,Dominick,Cully,dcullybr@hatena.ne.jp,Female,229.194.102.40
425,Sloan,Petche,spetchebs@ask.com,Female,28.8.221.12
426,Bartholomeus,Waterhowse,bwaterhowsebt@unesco.org,Male,215.98.13.16
427,Aleece,Birmingham,abirminghambu@biglobe.ne.jp,Male,158.117.178.90
428,Catha,Dawdry,cdawdrybv@bizjournals.com,Male,86.246.163.177
429,Amelie,Troubridge,atroubridgebw@wp.com,Genderqueer,35.246.84.121
430,Kiersten,Duffitt,kduffittbx@prnewswire.com,Male,166.126.93.24
431,Lidia,Taplin,ltaplinby@wordpress.org,Female,5.212.163.80
432,Sisely,Huck,shuckbz@google.com.hk,Female,229.158.55.102
433,Modestia,Lindeberg,mlindebergc0@ebay.com,Male,26.89.2.178
434,Mirelle,Shorland,mshorlandc1@netvibes.com,Bigender,221.144.236.63
435,Wald,Sertin,wsertinc2@wordpress.org,Male,76.64.205.57
436,Hettie,Maisey,hmaiseyc3@hud.gov,Male,78.216.81.207
437,Kaleena,Mcall,kmcallc4@quantcast.com,Male,8.102.232.243
438,Issi,Davis,idavisc5@cbsnews.com,Male,162.185.78.210
439,Lydon,Sickamore,lsickamorec6@arstechnica.com,Male,110.200.80.169
440,Lacie,Breydin,lbreydinc7@hibu.com,Male,90.147.227.225
441,Dahlia,Bromhead,dbromheadc8@printfriendly.com,Male,195.28.30.33
442,Conny,Malim,cmalimc9@bing.com,Female,43.142.6.202
443,Fabio,McNeill,fmcneillca@imdb.com,Female,151.190.45.47
444,Emily,Ceresa,eceresacb@wsj.com,Female,42.57.235.16
445,Paige,Wittke,pwittkecc@washingtonpost.com,Genderfluid,237.217.10.86
446,Nappy,Toma,ntomacd@wufoo.com,Male,160.208.48.202
447,Jeannine,Scopes,jscopesce@about.me,Polygender,87.11.102.105
448,Natividad,Aubert,naubertcf@elpais.com,Female,230.156.88.214
449,Lindsey,Ludron,lludroncg@soup.io,Female,156.197.152.236
450,Mirabelle,Lafay,mlafaych@nih.gov,Male,216.204.155.68
451,Natalee,Pach,npachci@cnet.com,Female,169.94.113.140
452,Heddi,Parris,hparriscj@about.me,Female,234.149.104.20
453,Melitta,Rizzetti,mrizzettick@google.com.hk,Male,215.119.143.117
454,Cornie,Mordin,cmordincl@stumbleupon.com,Female,32.104.59.143
455,Lyndy,Northcliffe,lnorthcliffecm@bloglovin.com,Female,231.5.49.140
456,Les,Martygin,lmartygincn@latimes.com,Female,36.191.72.199
457,Sanders,Hedingham,shedinghamco@pbs.org,Male,107.181.157.113
458,Lilla,Artz,lartzcp@statcounter.com,Female,150.239.18.32
459,Orly,Hancell,ohancellcq@mozilla.org,Genderfluid,241.102.149.80
460,Alanah,Markussen,amarkussencr@engadget.com,Non-binary,142.198.104.147
461,Gaynor,Chaffin,gchaffincs@squarespace.com,Female,87.4.198.31
462,Sandie,Spitell,sspitellct@woothemes.com,Female,57.244.69.242
463,Wain,Deniso,wdenisocu@geocities.com,Male,70.40.93.97
464,Pierson,Macrae,pmacraecv@smh.com.au,Female,68.0.23.161
465,Georgi,Ghilardi,gghilardicw@php.net,Male,214.37.3.206
466,Kristoffer,Putley,kputleycx@istockphoto.com,Agender,96.139.89.72
467,Michelina,Willis,mwilliscy@sbwire.com,Male,179.128.207.127
468,Darrick,Maciak,dmaciakcz@wunderground.com,Male,184.59.31.160
469,King,Hayman,khaymand0@sciencedirect.com,Male,238.204.190.50
470,Shirlee,Moorfield,smoorfieldd1@bloomberg.com,Genderfluid,158.140.88.207
471,Sileas,Campbell-Dunlop,scampbelldunlopd2@qq.com,Female,31.247.253.89
472,Jenica,Gettens,jgettensd3@deliciousdays.com,Agender,24.106.126.56
473,Linzy,Bonnin,lbonnind4@census.gov,Female,123.116.35.88
474,Oliy,Thomas,othomasd5@dell.com,Male,45.143.177.118
475,Colet,Coombs,ccoombsd6@utexas.edu,Male,53.225.165.200
476,Ardisj,Coots,acootsd7@cornell.edu,Male,227.241.195.133
477,Trenna,Kendle,tkendled8@bloglovin.com,Female,214.202.246.130
478,Odella,Rounce,orounced9@flickr.com,Female,77.35.207.144
479,Verna,Kobel,vkobelda@bloglovin.com,Female,147.140.89.59
480,Roshelle,Ghirardi,rghirardidb@privacy.gov.au,Female,179.164.106.213
481,Hastie,Hurl,hhurldc@linkedin.com,Male,1.172.59.14
482,Arvy,Mayberry,amayberrydd@ftc.gov,Male,137.221.194.104
483,Augustin,Buffin,abuffinde@ox.ac.uk,Female,89.232.241.240
484,Eli,Hassell,ehasselldf@miibeian.gov.cn,Male,231.145.253.217
485,Ambrosi,Slarke,aslarkedg@wufoo.com,Female,52.159.213.104
486,Kynthia,Abilowitz,kabilowitzdh@arizona.edu,Male,251.114.0.97
487,Cheryl,Llywarch,cllywarchdi@vkontakte.ru,Male,73.7.220.127
488,Fidelio,Beidebeke,fbeidebekedj@youtu.be,Female,47.153.241.227
489,Leesa,Sallans,lsallansdk@google.nl,Non-binary,164.154.108.249
490,Beck,Moulson,bmoulsondl@bravesites.com,Female,129.194.228.204
491,Linnie,Ferriere,lferrieredm@amazon.co.jp,Female,83.59.151.100
492,Orton,Surplice,osurplicedn@github.com,Male,135.201.230.77
493,Gaylord,Curson,gcursondo@freewebs.com,Male,217.250.156.145
494,Galvan,Toulch,gtoulchdp@goodreads.com,Male,204.152.101.118
495,Helen,Beddoes,hbeddoesdq@jalbum.net,Female,2.154.19.224
496,Keith,Pietri,kpietridr@g.co,Female,231.109.176.206
497,Kimmy,Camp,kcampds@wufoo.com,Female,106.16.73.121
498,Chance,Billyeald,cbillyealddt@opensource.org,Female,111.157.236.157
499,Clemente,Episcopio,cepiscopiodu@noaa.gov,Female,207.129.195.77
500,Fabio,Mesnard,fmesnarddv@php.net,Female,108.55.166.158
501,Tamas,Elliot,telliotdw@google.it,Female,27.228.189.196
502,Diahann,Drayson,ddraysondx@google.com.hk,Female,132.67.156.91
503,Jobi,Mosten,jmostendy@wix.com,Female,179.191.21.150
504,Shaughn,Philip,sphilipdz@omniture.com,Male,242.30.226.187
505,Kirsteni,Ixer,kixere0@alexa.com,Male,22.179.224.196
506,Lauree,Bridger,lbridgere1@usa.gov,Male,130.185.3.205
507,Masha,Aizkovitch,maizkovitche2@myspace.com,Female,71.58.154.86
508,Lilas,Lesor,llesore3@shutterfly.com,Male,78.39.1.140
509,Geno,Summerhayes,gsummerhayese4@facebook.com,Male,159.214.248.72
510,Guinna,Sibson,gsibsone5@cornell.edu,Male,251.53.105.115
511,Theresina,Turville,tturvillee6@usnews.com,Male,2.159.35.210
512,Xenia,Berlin,xberline7@jigsy.com,Male,240.198.5.94
513,Clementina,Ickowicz,cickowicze8@europa.eu,Female,27.228.193.250
514,Danyette,Sowray,dsowraye9@myspace.com,Male,192.43.170.108
515,Cully,Aps,capsea@jugem.jp,Female,246.56.26.161
516,Luz,Bickley,lbickleyeb@wired.com,Female,105.160.21.27
517,Karla,Rozenbaum,krozenbaumec@unesco.org,Female,16.106.145.255
518,Bryant,Jurgenson,bjurgensoned@wordpress.org,Male,206.42.181.106
519,Harmony,Cumpton,hcumptonee@mapy.cz,Male,212.247.161.219
520,Penrod,Jeandot,pjeandotef@rediff.com,Non-binary,206.69.254.133
521,Shawnee,Enrique,senriqueeg@soup.io,Female,247.112.204.133
522,Milissent,Carvell,mcarvelleh@boston.com,Male,209.172.246.199
523,Hamid,Lowerson,hlowersonei@so-net.ne.jp,Male,153.159.40.144
524,Gwyneth,Densham,gdenshamej@yolasite.com,Female,182.136.84.141
525,Ange,Vasovic,avasovicek@constantcontact.com,Agender,152.151.217.144
526,Tobias,Perico,tpericoel@unc.edu,Male,104.136.107.50
527,Brennan,Brookson,bbrooksonem@sohu.com,Female,231.72.20.205
528,Veronika,Peris,vperisen@state.tx.us,Male,157.162.251.45
529,Gertrude,Karmel,gkarmeleo@npr.org,Female,242.231.41.61
530,Wilburt,Boughton,wboughtonep@unblog.fr,Male,170.233.239.186
531,Karlene,Bartusek,kbartusekeq@kickstarter.com,Male,137.139.76.143
532,Katheryn,Carlino,kcarlinoer@storify.com,Male,151.145.247.231
533,Jeremias,Duley,jduleyes@amazon.co.uk,Female,4.14.97.248
534,Jamey,Kember,jkemberet@theglobeandmail.com,Female,154.1.103.70
535,Fanchette,Himsworth,fhimswortheu@mapy.cz,Female,30.109.229.184
536,Tremaine,Kalderon,tkalderonev@altervista.org,Female,246.92.90.97
537,Dulcea,Benesevich,dbenesevichew@theatlantic.com,Bigender,130.172.85.79
538,Zacharias,Pinar,zpinarex@redcross.org,Female,95.12.205.218
539,Tito,Gleed,tgleedey@1688.com,Male,220.39.107.22
540,Whittaker,McQuaker,wmcquakerez@yolasite.com,Male,187.240.50.40
541,Peter,O'Shevlan,poshevlanf0@google.com.hk,Female,106.236.11.117
542,Lennie,Wildey,lwildeyf1@yahoo.co.jp,Female,170.114.56.127
543,Walton,Stainton - Skinn,wstaintonskinnf2@deliciousdays.com,Female,68.50.105.145
544,Noellyn,Pallant,npallantf3@patch.com,Male,79.7.24.27
545,Shelagh,Denington,sdeningtonf4@skyrock.com,Female,221.155.83.183
546,Carmela,Mouat,cmouatf5@bandcamp.com,Male,55.119.91.212
547,Quincy,Pigdon,qpigdonf6@cbslocal.com,Female,77.181.239.44
548,Chelsy,Lodo,clodof7@taobao.com,Male,147.137.114.224
549,Wyndham,Kidde,wkiddef8@redcross.org,Female,43.199.230.10
550,Chauncey,Ollis,collisf9@boston.com,Female,192.250.36.42
551,Roarke,Swinfen,rswinfenfa@skype.com,Male,24.44.104.248
552,Lelah,Aspinal,laspinalfb@hhs.gov,Female,171.22.226.196
553,Mireille,Farlambe,mfarlambefc@epa.gov,Female,15.59.215.221
554,Noellyn,McGaugie,nmcgaugiefd@mac.com,Female,72.202.229.200
555,Renaud,Nawton,rnawtonfe@weebly.com,Female,4.72.106.171
556,Rickey,Jovovic,rjovovicff@bbc.co.uk,Male,204.148.69.245
557,Leif,Vondra,lvondrafg@nsw.gov.au,Female,206.192.165.33
558,Angele,Lilford,alilfordfh@oaic.gov.au,Female,198.152.27.194
559,Kanya,Tripet,ktripetfi@auda.org.au,Male,127.154.140.30
560,Rhoda,Cocking,rcockingfj@mlb.com,Female,66.213.150.201
561,Chanda,Gerring,cgerringfk@tripadvisor.com,Female,160.20.92.47
562,Ashly,Argrave,aargravefl@fc2.com,Male,207.34.81.163
563,Chane,Garmanson,cgarmansonfm@apache.org,Bigender,191.255.74.243
564,Meryl,Marchant,mmarchantfn@state.gov,Female,37.237.213.143
565,Trula,Yes,tyesfo@gizmodo.com,Male,116.119.143.75
566,Caye,Sames,csamesfp@epa.gov,Male,8.65.99.197
567,Aurelia,Wolverson,awolversonfq@hexun.com,Female,86.9.132.99
568,Darb,Badsworth,dbadsworthfr@rakuten.co.jp,Female,130.245.230.86
569,Gypsy,Collcutt,gcollcuttfs@blogs.com,Male,173.75.120.16
570,Hagan,Vicary,hvicaryft@microsoft.com,Male,64.174.81.20
571,Clement,Pacitti,cpacittifu@jigsy.com,Female,223.104.246.115
572,Dionne,Glandfield,dglandfieldfv@cocolog-nifty.com,Female,46.239.142.76
573,Corabelle,Cargen,ccargenfw@sohu.com,Female,125.202.249.27
574,Bradly,Siret,bsiretfx@behance.net,Female,249.36.50.87
575,Sherlocke,Chaplin,schaplinfy@woothemes.com,Male,235.147.171.183
576,Vinni,Linder,vlinderfz@gov.uk,Female,160.146.162.157
577,Paddie,Hartin,pharting0@redcross.org,Female,58.125.18.143
578,Nessi,Kennet,nkennetg1@mapquest.com,Female,44.60.47.202
579,Pierette,Lanchbery,planchberyg2@unblog.fr,Male,35.52.66.248
580,Ailene,Callender,acallenderg3@pagesperso-orange.fr,Female,59.235.145.244
581,Llywellyn,Eates,leatesg4@elegantthemes.com,Male,14.199.213.1
582,Charlena,Jurczyk,cjurczykg5@wunderground.com,Male,67.241.163.39
583,Donelle,Stodart,dstodartg6@wufoo.com,Male,148.59.183.39
584,Cariotta,Risebarer,crisebarerg7@aboutads.info,Male,176.139.176.29
585,Adiana,Glass,aglassg8@hhs.gov,Female,60.85.117.91
586,Alessandro,Fetters,afettersg9@bigcartel.com,Female,163.129.156.191
587,Stephi,Linny,slinnyga@marriott.com,Male,27.170.205.161
588,Porty,Ingall,pingallgb@huffingtonpost.com,Female,75.139.232.151
589,Josepha,Frowd,jfrowdgc@slate.com,Female,44.201.220.15
590,Laura,Screach,lscreachgd@blogspot.com,Male,164.173.111.176
591,Kenn,Pargiter,kpargiterge@tripod.com,Male,38.126.105.87
592,Ellette,Chevers,echeversgf@springer.com,Female,107.84.209.170
593,Donna,Cornillot,dcornillotgg@ameblo.jp,Male,199.116.125.192
594,Myrtice,Tugwell,mtugwellgh@tinypic.com,Female,159.96.217.238
595,Charlot,Montez,cmontezgi@nationalgeographic.com,Female,180.251.249.112
596,Rouvin,Aingel,raingelgj@rediff.com,Female,250.251.212.71
597,Ade,Woodgate,awoodgategk@dagondesign.com,Male,122.204.24.36
598,Dewain,McTiernan,dmctiernangl@nytimes.com,Female,11.16.76.254
599,Ruthi,Hartridge,rhartridgegm@wix.com,Male,248.111.29.191
600,Timmi,Edden,teddengn@istockphoto.com,Female,202.58.107.203
601,Annalee,Critoph,acritophgo@csmonitor.com,Male,152.239.29.12
602,Waverley,Heinert,wheinertgp@amazon.com,Genderfluid,17.153.230.240
603,Cindi,Olivier,coliviergq@altervista.org,Female,165.100.210.110
604,Thorsten,Duling,tdulinggr@umich.edu,Female,96.130.249.9
605,Marion,Tudhope,mtudhopegs@vistaprint.com,Male,80.186.89.39
606,Filberte,Mannin,fmanningt@noaa.gov,Female,131.157.209.190
607,Ryley,Jardine,rjardinegu@topsy.com,Female,79.166.6.114
608,Stillmann,Ions,sionsgv@weather.com,Male,185.78.85.244
609,Joli,Syer,jsyergw@europa.eu,Female,110.255.203.157
610,Lou,Hatt,lhattgx@opera.com,Male,213.142.155.69
611,Winnah,Maddy,wmaddygy@skyrock.com,Male,164.244.81.59
612,Jose,Wickens,jwickensgz@google.com.au,Female,9.45.23.48
613,Grier,Menlove,gmenloveh0@bravesites.com,Male,133.2.109.12
614,Lil,Clixby,lclixbyh1@wikia.com,Male,169.25.9.21
615,Malvin,MacElroy,mmacelroyh2@ehow.com,Female,65.184.2.35
616,Denver,Di Batista,ddibatistah3@sitemeter.com,Female,61.151.75.209
617,Natty,Balden,nbaldenh4@hhs.gov,Male,116.140.35.126
618,Engracia,Roddell,eroddellh5@pcworld.com,Male,212.97.171.105
619,Maxy,Haborn,mhabornh6@phpbb.com,Male,152.172.164.69
620,Bridie,Houlworth,bhoulworthh7@noaa.gov,Non-binary,62.50.130.253
621,Stafani,D'Alesio,sdalesioh8@bravesites.com,Male,97.94.60.253
622,Gerri,Liverock,gliverockh9@wisc.edu,Male,100.158.134.124
623,Barny,Edinborough,bedinboroughha@gmpg.org,Female,108.183.33.227
624,Wiatt,Normanton,wnormantonhb@dailymotion.com,Male,87.208.248.247
625,Stephana,Liddy,sliddyhc@webmd.com,Bigender,24.254.25.137
626,Chad,Spring,cspringhd@yale.edu,Male,45.104.162.179
627,Fred,Ricardon,fricardonhe@nba.com,Male,103.38.117.190
628,Denver,Nairy,dnairyhf@cornell.edu,Female,37.52.28.123
629,Wright,Rosenwasser,wrosenwasserhg@columbia.edu,Female,91.79.51.55
630,Paulo,Nisuis,pnisuishh@huffingtonpost.com,Male,214.62.157.227
631,Ritchie,Older,rolderhi@tinypic.com,Male,0.81.47.215
632,Ruthann,Hooks,rhookshj@blogtalkradio.com,Male,130.157.177.181
633,Sapphira,Soles,ssoleshk@wp.com,Male,82.218.84.243
634,Terence,Okroy,tokroyhl@wiley.com,Polygender,144.177.161.221
635,Milly,Pirson,mpirsonhm@phpbb.com,Male,50.236.143.40
636,Blanch,Le Breton De La Vieuville,blebretondelavieuvillehn@nasa.gov,Female,178.198.19.17
637,Barnaby,Eakeley,beakeleyho@blinklist.com,Male,247.84.57.23
638,Jorge,Kornacki,jkornackihp@gizmodo.com,Female,219.68.49.9
639,Gates,Hedney,ghedneyhq@ft.com,Bigender,218.145.92.105
640,Kandy,Seamon,kseamonhr@omniture.com,Male,147.180.94.224
641,Kristyn,Mesant,kmesanths@t-online.de,Male,220.147.220.203
642,Hailey,Greeding,hgreedinght@wikipedia.org,Female,39.87.7.103
643,Maddalena,Fitzackerley,mfitzackerleyhu@yahoo.co.jp,Male,201.79.38.180
644,Chrysa,Fold,cfoldhv@uol.com.br,Male,86.170.247.118
645,Lonna,Kenwyn,lkenwynhw@economist.com,Female,235.122.244.88
646,Dulce,Oblein,dobleinhx@shutterfly.com,Male,127.120.5.184
647,Kennett,Gate,kgatehy@google.com.hk,Male,163.159.34.37
648,Concordia,O'Cullinane,cocullinanehz@indiegogo.com,Genderqueer,38.69.189.104
649,Vinnie,Pallant,vpallanti0@geocities.jp,Female,187.162.240.33
650,Meredith,Fumagall,mfumagalli1@google.ru,Female,149.87.158.17
651,Pall,Midghall,pmidghalli2@si.edu,Male,158.231.83.215
652,Mallorie,Caulliere,mcaullierei3@google.de,Male,241.42.229.83
653,Emmet,Doerffer,edoerfferi4@woothemes.com,Male,26.18.50.47
654,Kennett,Claque,kclaquei5@psu.edu,Female,73.110.173.98
655,Patric,Lavalle,plavallei6@apple.com,Male,198.221.187.37
656,Hedy,Laxston,hlaxstoni7@ameblo.jp,Female,235.198.196.46
657,Anthiathia,MacKeever,amackeeveri8@blogs.com,Genderfluid,227.138.89.239
658,Seka,Barhims,sbarhimsi9@desdev.cn,Male,134.161.186.17
659,Rebeka,Drynan,rdrynania@webeden.co.uk,Female,65.69.1.196
660,Cleve,Duffy,cduffyib@craigslist.org,Female,228.106.159.32
661,Mitchael,Guyonneau,mguyonneauic@army.mil,Male,172.36.215.130
662,Jannel,Smith,jsmithid@army.mil,Male,64.167.128.70
663,Ainsley,Bavage,abavageie@cyberchimps.com,Female,0.22.34.119
664,Cariotta,Laurenz,claurenzif@japanpost.jp,Female,31.105.232.242
665,Ben,Bartalucci,bbartalucciig@japanpost.jp,Male,4.32.224.49
666,Helaine,Stammer,hstammerih@foxnews.com,Male,204.101.208.231
667,Merilee,Rosenthaler,mrosenthalerii@google.de,Female,206.188.1.243
668,Tessa,Crabb,tcrabbij@reddit.com,Female,58.165.109.78
669,Tatum,Foxen,tfoxenik@aol.com,Male,34.253.100.195
670,Nannie,Dabourne,ndabourneil@theglobeandmail.com,Female,61.145.74.26
671,Sheffield,Isted,sistedim@yellowbook.com,Female,172.217.25.30
672,Fergus,Gow,fgowin@state.tx.us,Female,117.116.171.8
673,Jen,Palister,jpalisterio@unblog.fr,Male,212.93.91.180
674,Leupold,Roels,lroelsip@wikimedia.org,Female,64.239.41.177
675,Hewett,Pien,hpieniq@zdnet.com,Male,185.238.146.84
676,Theressa,Karpenya,tkarpenyair@gov.uk,Male,39.51.252.26
677,Fayre,Hartshorne,fhartshorneis@hibu.com,Male,189.113.111.177
678,Halette,Fauguel,hfauguelit@facebook.com,Male,13.73.214.161
679,Devin,Chinnock,dchinnockiu@microsoft.com,Female,20.208.84.72
680,Padriac,Radin,pradiniv@ameblo.jp,Male,246.177.111.178
681,Jeralee,Ferronier,jferronieriw@storify.com,Male,217.41.26.33
682,Ranna,Chater,rchaterix@alibaba.com,Male,206.207.160.185
683,Marchall,Titmus,mtitmusiy@java.com,Female,43.98.145.114
684,Sallee,Unworth,sunworthiz@home.pl,Agender,197.195.227.122
685,Carling,Garrity,cgarrityj0@skype.com,Male,118.83.176.65
686,Gaynor,Tremathick,gtremathickj1@discuz.net,Male,228.203.193.77
687,Harry,Huot,hhuotj2@homestead.com,Female,5.115.123.104
688,Artus,Mc Menamin,amcmenaminj3@printfriendly.com,Female,29.109.28.17
689,Asia,Aslie,aasliej4@geocities.com,Female,81.251.222.170
690,Gaye,Scarlet,gscarletj5@berkeley.edu,Female,62.170.207.75
691,Alexi,Bushe,abushej6@friendfeed.com,Male,13.124.230.206
692,Web,Langstrath,wlangstrathj7@theatlantic.com,Male,140.50.170.63
693,Riordan,Leetham,rleethamj8@aboutads.info,Female,7.248.128.202
694,Trula,Boch,tbochj9@printfriendly.com,Female,115.95.37.13
695,Annalee,Kayes,akayesja@sitemeter.com,Bigender,107.60.140.117
696,Nickola,Toderini,ntoderinijb@narod.ru,Agender,129.93.238.123
697,Oren,Connolly,oconnollyjc@google.co.uk,Female,202.142.56.43
698,Helen-elizabeth,Preshaw,hpreshawjd@state.tx.us,Female,148.204.69.57
699,Conney,Bentley,cbentleyje@shop-pro.jp,Male,65.112.80.193
700,Launce,Lillyman,llillymanjf@thetimes.co.uk,Male,223.52.46.246
701,Samantha,Mitrikhin,smitrikhinjg@tinypic.com,Male,60.161.59.77
702,Fidole,Brandes,fbrandesjh@weebly.com,Female,68.47.234.184
703,Marina,Rocks,mrocksji@ustream.tv,Female,50.68.214.9
704,Adelle,Morgen,amorgenjj@prlog.org,Male,132.219.172.66
705,Daven,Coolbear,dcoolbearjk@vistaprint.com,Male,53.195.159.80
706,Annalise,Rathjen,arathjenjl@dedecms.com,Bigender,4.243.200.63
707,Brittni,Manass,bmanassjm@delicious.com,Non-binary,193.98.81.167
708,Sylvan,Gallahar,sgallaharjn@mayoclinic.com,Female,186.78.160.193
709,Ida,Twelve,itwelvejo@spiegel.de,Female,169.43.19.135
710,Emogene,Trencher,etrencherjp@weibo.com,Female,254.5.179.193
711,Brion,Wyldish,bwyldishjq@creativecommons.org,Male,1.8.183.144
712,Elizabet,Oakley,eoakleyjr@wp.com,Female,7.13.25.211
713,Maurise,Bover,mboverjs@youku.com,Male,125.29.16.11
714,Magdalena,O'Dowgaine,modowgainejt@hibu.com,Female,149.213.91.4
715,Carmel,Stoffel,cstoffelju@chicagotribune.com,Female,95.228.50.33
716,Elie,Pray,eprayjv@feedburner.com,Female,143.153.81.103
717,Lorine,Szymanski,lszymanskijw@angelfire.com,Non-binary,199.52.129.82
718,Norrie,McVaugh,nmcvaughjx@japanpost.jp,Female,139.193.240.229
719,Buiron,Tallowin,btallowinjy@plala.or.jp,Male,99.141.218.162
720,Elsie,Usborn,eusbornjz@ucsd.edu,Female,47.212.19.17
721,Jenni,Seamon,jseamonk0@google.com.au,Non-binary,78.62.78.2
722,Brier,Sandever,bsandeverk1@fema.gov,Male,119.201.183.43
723,Syman,Questier,squestierk2@usnews.com,Female,135.200.58.54
724,Montgomery,Torrans,mtorransk3@plala.or.jp,Female,166.177.113.146
725,Orsa,Gamon,ogamonk4@imgur.com,Male,20.23.93.82
726,Hillary,Spoor,hspoork5@statcounter.com,Male,240.30.126.43
727,Henrik,Ramsbottom,hramsbottomk6@cmu.edu,Male,171.21.241.200
728,Evonne,Hurren,ehurrenk7@go.com,Female,207.231.28.245
729,Tate,Spatoni,tspatonik8@springer.com,Female,252.234.251.181
730,Thea,Balentyne,tbalentynek9@biblegateway.com,Female,246.178.172.120
731,Meade,Noirel,mnoirelka@imageshack.us,Male,154.54.154.120
732,Brittany,Raithbie,braithbiekb@usatoday.com,Female,17.5.83.41
733,Adrianna,Bridgement,abridgementkc@goodreads.com,Male,94.188.37.190
734,Barbara,Antoniou,bantonioukd@comcast.net,Female,248.224.123.106
735,Celestina,Zaple,czapleke@skyrock.com,Male,4.64.115.192
736,Meier,Bosher,mbosherkf@prlog.org,Male,197.3.10.137
737,Bruce,Alderwick,balderwickkg@opera.com,Male,92.241.219.34
738,Angela,Meachan,ameachankh@sbwire.com,Female,108.167.137.58
739,Berny,Agent,bagentki@guardian.co.uk,Male,251.55.85.250
740,Putnam,Dowears,pdowearskj@nature.com,Female,226.153.16.42
741,Vale,Dieton,vdietonkk@pinterest.com,Male,89.234.95.98
742,Frank,Parsons,fparsonskl@ucla.edu,Female,231.34.119.43
743,Domenico,Breadmore,dbreadmorekm@webnode.com,Male,236.195.217.41
744,Lowrance,Wintringham,lwintringhamkn@washingtonpost.com,Female,25.183.225.179
745,Salome,Picker,spickerko@networkadvertising.org,Agender,176.113.221.197
746,Gerrie,Vautier,gvautierkp@stumbleupon.com,Male,232.41.119.86
747,Alexandre,Yves,ayveskq@buzzfeed.com,Female,231.230.247.192
748,Lilla,Imeson,limesonkr@barnesandnoble.com,Non-binary,115.232.162.28
749,Milka,Pyott,mpyottks@ihg.com,Female,24.29.252.235
750,Greggory,Priel,gprielkt@shutterfly.com,Female,215.158.107.244
751,Kaja,Cordingly,kcordinglyku@nhs.uk,Genderfluid,176.210.30.252
752,Alic,MacDowal,amacdowalkv@paypal.com,Female,97.168.123.13
753,Gan,Cairns,gcairnskw@gravatar.com,Non-binary,20.119.94.13
754,Wolfie,Churches,wchurcheskx@creativecommons.org,Female,148.11.146.112
755,Helaine,Skamell,hskamellky@marketwatch.com,Male,59.241.23.200
756,Trudy,Mulqueeny,tmulqueenykz@discovery.com,Female,136.139.208.120
757,Fiann,Greenfield,fgreenfieldl0@tripadvisor.com,Male,182.174.3.9
758,Bili,Staining,bstainingl1@house.gov,Female,57.252.140.16
759,Fanechka,Adey,fadeyl2@si.edu,Genderqueer,227.145.23.38
760,Nye,Bream,nbreaml3@jalbum.net,Female,130.166.51.247
761,Taylor,Pigeon,tpigeonl4@diigo.com,Male,253.31.184.161
762,Jemimah,Mc Meekan,jmcmeekanl5@artisteer.com,Female,250.204.59.14
763,Nichols,Coils,ncoilsl6@nymag.com,Female,142.48.81.42
764,Ari,Bushill,abushilll7@imageshack.us,Female,235.133.252.211
765,See,Potzold,spotzoldl8@google.com.hk,Male,95.200.109.109
766,Joice,Cullabine,jcullabinel9@tripod.com,Male,4.208.138.77
767,Barri,Catcherside,bcatchersidela@gov.uk,Male,207.199.48.242
768,Jule,Mariotte,jmariottelb@lycos.com,Female,81.3.116.172
769,Flss,Wrathmall,fwrathmalllc@ucoz.ru,Female,95.95.134.109
770,Lammond,Jaffrey,ljaffreyld@yahoo.com,Female,189.104.101.31
771,Alvin,Acey,aaceyle@angelfire.com,Male,148.59.21.53
772,Waylen,Nisius,wnisiuslf@spiegel.de,Bigender,221.51.23.180
773,Kendricks,Mapowder,kmapowderlg@mapy.cz,Female,150.147.131.234
774,Frasquito,Squire,fsquirelh@geocities.com,Female,19.75.94.152
775,Chip,Dorr,cdorrli@oracle.com,Female,172.244.167.231
776,Dorthea,Bellhanger,dbellhangerlj@weibo.com,Female,22.141.201.198
777,Desmund,Darrel,ddarrellk@ted.com,Male,120.100.27.214
778,Phyllida,Dagger,pdaggerll@arizona.edu,Female,82.234.145.38
779,Ange,Bygraves,abygraveslm@hc360.com,Male,57.232.26.220
780,Jacklyn,Halgarth,jhalgarthln@t-online.de,Male,171.189.109.250
781,Meryl,Persence,mpersencelo@yellowbook.com,Male,186.128.6.43
782,Cherise,Grzegorzewicz,cgrzegorzewiczlp@furl.net,Male,38.184.239.171
783,Shawn,Gorke,sgorkelq@blogspot.com,Agender,31.183.188.226
784,Edy,Ellard,eellardlr@vinaora.com,Female,237.138.4.200
785,Rasla,Harroll,rharrollls@desdev.cn,Female,109.204.186.241
786,Jeannette,Pyrke,jpyrkelt@acquirethisname.com,Male,166.161.3.44
787,Barty,Jolley,bjolleylu@facebook.com,Male,4.16.142.12
788,Evaleen,Poundford,epoundfordlv@uol.com.br,Male,83.205.148.216
789,Chaim,Charge,cchargelw@soundcloud.com,Male,171.203.7.76
790,Morgen,Kennady,mkennadylx@feedburner.com,Male,58.237.55.187
791,Delainey,Vala,dvalaly@dyndns.org,Male,221.190.107.116
792,Michail,Farfull,mfarfulllz@blogger.com,Genderqueer,94.178.101.186
793,Min,Ruffler,mrufflerm0@woothemes.com,Female,79.218.186.203
794,Bastien,Bolan,bbolanm1@goodreads.com,Male,122.42.113.33
795,Harriett,Stanhope,hstanhopem2@dyndns.org,Female,98.7.149.119
796,Ethan,Ottiwill,eottiwillm3@ibm.com,Male,213.19.21.195
797,Shea,Leber,sleberm4@latimes.com,Male,113.5.197.49
798,Codee,Kemster,ckemsterm5@addtoany.com,Female,233.135.249.121
799,Levon,Marnes,lmarnesm6@addthis.com,Male,29.226.141.194
800,Fanny,Anthony,fanthonym7@opensource.org,Female,100.207.163.120
801,Stacy,Portinari,sportinarim8@tinypic.com,Female,19.8.189.181
802,Barty,Turbefield,bturbefieldm9@twitpic.com,Male,97.104.147.206
803,Anabella,Bardwell,abardwellma@elegantthemes.com,Female,137.234.114.111
804,Ettie,Reese,ereesemb@dyndns.org,Male,122.48.234.106
805,Bruce,Gardener,bgardenermc@godaddy.com,Female,53.43.144.213
806,Karry,Wallage,kwallagemd@4shared.com,Female,35.35.227.123
807,Cyndie,Coweuppe,ccoweuppeme@studiopress.com,Female,73.34.18.248
808,Kandy,Dri,kdrimf@uiuc.edu,Female,150.114.246.189
809,Douglas,Stonuary,dstonuarymg@blog.com,Male,148.254.113.189
810,Barton,Caughte,bcaughtemh@blogger.com,Female,202.65.194.91
811,Merissa,Pesterfield,mpesterfieldmi@dell.com,Male,78.139.253.89
812,Cristian,Hayen,chayenmj@dot.gov,Female,133.25.40.200
813,Stevana,Planke,splankemk@techcrunch.com,Female,12.227.23.241
814,Genvieve,Joiner,gjoinerml@pbs.org,Female,84.13.93.221
815,Clarita,Jaskiewicz,cjaskiewiczmm@abc.net.au,Male,150.152.86.187
816,Nell,Pack,npackmn@eventbrite.com,Male,184.228.189.124
817,Selena,MacAvddy,smacavddymo@usatoday.com,Female,70.185.219.167
818,Micheline,Thackray,mthackraymp@opera.com,Male,8.236.97.208
819,Costa,Lankester,clankestermq@smugmug.com,Female,53.65.218.186
820,Kaela,Hargreaves,khargreavesmr@uol.com.br,Male,66.89.25.80
821,Michaela,Burhill,mburhillms@vkontakte.ru,Male,202.146.175.97
822,Hakeem,Boon,hboonmt@washingtonpost.com,Female,94.253.124.36
823,Curtice,Ancliff,cancliffmu@abc.net.au,Female,174.92.19.110
824,Xena,Salter,xsaltermv@yahoo.com,Female,70.70.24.149
825,Starlene,Furmedge,sfurmedgemw@deviantart.com,Male,150.59.215.219
826,Idalia,Give,igivemx@fc2.com,Female,96.242.231.199
827,Elysee,Spread,espreadmy@ehow.com,Female,116.93.222.36
828,Janette,Adlington,jadlingtonmz@ehow.com,Female,208.149.115.119
829,Claudian,Lucus,clucusn0@thetimes.co.uk,Male,74.111.186.5
830,Merrick,Girke,mgirken1@si.edu,Male,153.206.151.241
831,Harwell,Bottini,hbottinin2@stanford.edu,Male,54.202.63.119
832,Zarla,Spellacy,zspellacyn3@theglobeandmail.com,Female,41.194.98.251
833,Allard,Bolgar,abolgarn4@mlb.com,Male,172.18.134.93
834,Cirillo,Whitwam,cwhitwamn5@so-net.ne.jp,Female,221.25.31.155
835,Isis,Bengoechea,ibengoechean6@unicef.org,Male,58.10.42.179
836,Desirae,Tame,dtamen7@wordpress.org,Polygender,37.4.80.43
837,Kristi,Bidgood,kbidgoodn8@tiny.cc,Male,242.179.185.107
838,Noemi,Althrop,nalthropn9@printfriendly.com,Male,249.235.171.244
839,Husain,Riply,hriplyna@nytimes.com,Male,197.217.163.255
840,Leela,Prewer,lprewernb@purevolume.com,Female,101.96.19.183
841,Wynne,Banaszewski,wbanaszewskinc@prlog.org,Female,38.87.198.109
842,Guillermo,Tschirasche,gtschiraschend@feedburner.com,Female,83.249.37.176
843,Debra,Banfield,dbanfieldne@gravatar.com,Male,135.102.181.67
844,Magdalena,Stobo,mstobonf@sfgate.com,Male,25.209.218.209
845,Artemas,Bountiff,abountiffng@rakuten.co.jp,Male,158.226.145.131
846,Tabbatha,Boat,tboatnh@vimeo.com,Female,112.24.220.110
847,Wallace,Tuxell,wtuxellni@boston.com,Male,77.232.119.145
848,Dex,MacKellar,dmackellarnj@nsw.gov.au,Male,119.190.227.71
849,Bernadina,Slack,bslacknk@eepurl.com,Male,83.150.150.226
850,Dani,Woolmer,dwoolmernl@gmpg.org,Male,205.245.111.12
851,Jo-anne,McNiff,jmcniffnm@example.com,Female,114.190.21.221
852,Barbette,MacCall,bmaccallnn@soundcloud.com,Male,120.97.17.53
853,Joshuah,Tyt,jtytno@rediff.com,Female,117.106.141.239
854,Ernst,Filewood,efilewoodnp@php.net,Female,229.1.171.197
855,Josiah,Skeermer,jskeermernq@ameblo.jp,Female,85.72.45.18
856,Hanni,Yurukhin,hyurukhinnr@reuters.com,Female,181.5.207.192
857,Shaina,Honig,shonigns@instagram.com,Female,237.14.44.52
858,Dedie,Mattack,dmattacknt@msn.com,Male,48.1.126.135
859,Kamillah,Ainscow,kainscownu@technorati.com,Female,231.127.109.36
860,Dorene,Capstake,dcapstakenv@discovery.com,Female,227.131.69.0
861,Haslett,Beddoes,hbeddoesnw@exblog.jp,Female,197.149.116.3
862,Hallsy,Revan,hrevannx@hp.com,Male,127.66.129.121
863,Alyosha,Espinet,aespinetny@elpais.com,Female,147.188.235.152
864,Faun,Orr,forrnz@youtube.com,Male,137.183.94.135
865,Robinette,Vinden,rvindeno0@adobe.com,Female,180.239.170.62
866,Denys,Briant,dbrianto1@spiegel.de,Agender,32.126.187.160
867,Bobby,Klezmski,bklezmskio2@miibeian.gov.cn,Male,154.157.3.197
868,Conny,Crossby,ccrossbyo3@ask.com,Male,111.199.141.20
869,Anabella,Vicary,avicaryo4@xinhuanet.com,Female,219.236.205.128
870,Damaris,Edgson,dedgsono5@tripod.com,Female,153.173.230.241
871,Barbe,Clother,bclothero6@cbslocal.com,Female,64.176.202.223
872,Fidole,Dudmesh,fdudmesho7@nationalgeographic.com,Female,8.253.118.233
873,Karlen,Munkton,kmunktono8@tripadvisor.com,Male,104.14.48.66
874,Milicent,Kinsett,mkinsetto9@sina.com.cn,Bigender,7.68.92.142
875,Joaquin,MacKnocker,jmacknockeroa@prlog.org,Polygender,189.37.7.225
876,Meade,Ringham,mringhamob@addtoany.com,Agender,250.2.112.23
877,Roger,Altree,raltreeoc@taobao.com,Male,170.244.142.96
878,Isabelle,Bear,ibearod@census.gov,Male,152.153.97.154
879,Morse,Leech,mleechoe@reuters.com,Female,239.29.188.246
880,Luca,Bernade,lbernadeof@yahoo.co.jp,Agender,199.205.238.21
881,Dennie,Hegge,dheggeog@ebay.co.uk,Male,82.5.143.22
882,Caresa,Dimmack,cdimmackoh@infoseek.co.jp,Female,100.124.183.103
883,Karisa,de Glanville,kdeglanvilleoi@dot.gov,Male,120.227.166.31
884,Darrick,Humphries,dhumphriesoj@squidoo.com,Male,183.220.110.204
885,Erv,Nickels,enickelsok@vk.com,Male,132.251.56.153
886,Kyle,Johansen,kjohansenol@archive.org,Male,65.106.73.197
887,Perl,Pirrey,ppirreyom@aboutads.info,Male,254.177.137.230
888,Petunia,Hansana,phansanaon@mediafire.com,Female,132.120.170.80
889,Garwin,Louthe,gloutheoo@exblog.jp,Male,244.38.10.144
890,Ferdinande,Saing,fsaingop@google.co.jp,Female,220.114.162.122
891,Edward,Trunby,etrunbyoq@e-recht24.de,Male,27.52.52.206
892,Bessy,Rollings,brollingsor@xing.com,Female,154.171.247.82
893,Alane,Innett,ainnettos@spotify.com,Female,212.123.4.44
894,Rene,Dymidowicz,rdymidowiczot@sfgate.com,Male,68.205.116.78
895,Gilligan,Atack,gatackou@reuters.com,Non-binary,11.184.22.29
896,Olvan,Paynter,opaynterov@bandcamp.com,Male,29.191.191.109
897,Lenci,Milmoe,lmilmoeow@webeden.co.uk,Male,64.182.136.135
898,Borden,McFadin,bmcfadinox@wix.com,Male,250.68.229.79
899,Elizabet,Otson,eotsonoy@prnewswire.com,Female,236.161.240.123
900,Harlan,Croal,hcroaloz@pbs.org,Genderfluid,38.139.35.191
901,Linoel,Cobbold,lcobboldp0@ca.gov,Female,48.45.105.133
902,Lory,aManger,lamangerp1@comcast.net,Female,217.209.165.117
903,Kaye,Sinyard,ksinyardp2@theatlantic.com,Female,139.255.186.83
904,Hyacinthia,Spir,hspirp3@drupal.org,Female,16.156.164.94
905,Francyne,Fairlaw,ffairlawp4@prnewswire.com,Male,119.203.202.199
906,Dominick,Chancelier,dchancelierp5@cbslocal.com,Bigender,172.169.26.220
907,Wynne,Dumper,wdumperp6@multiply.com,Male,165.30.126.220
908,Leroi,Ferens,lferensp7@cnet.com,Non-binary,128.155.60.49
909,Leelah,Gronaller,lgronallerp8@sina.com.cn,Male,201.234.198.42
910,Alexine,Godbolt,agodboltp9@ow.ly,Female,255.107.80.70
911,Jenelle,Vedeneev,jvedeneevpa@merriam-webster.com,Female,218.221.77.23
912,Udale,Winslade,uwinsladepb@godaddy.com,Non-binary,125.143.228.30
913,Kameko,Bedells,kbedellspc@liveinternet.ru,Female,90.44.108.169
914,Remus,Bentham,rbenthampd@jigsy.com,Female,228.132.72.133
915,Mella,Coughlan,mcoughlanpe@boston.com,Female,183.156.33.98
916,Milo,Skeeles,mskeelespf@eventbrite.com,Female,18.252.95.189
917,Ellswerth,Mallows,emallowspg@altervista.org,Female,63.219.124.192
918,Loren,Crowdson,lcrowdsonph@slashdot.org,Male,158.100.22.203
919,Thomasina,Grief,tgriefpi@si.edu,Female,111.231.31.79
920,Saleem,Oldershaw,soldershawpj@census.gov,Male,63.135.182.107
921,Barnabas,Ciraldo,bciraldopk@digg.com,Male,181.18.47.250
922,Carline,Dake,cdakepl@livejournal.com,Male,255.104.58.156
923,Kendra,Battisson,kbattissonpm@imgur.com,Male,146.206.101.99
924,Justine,Checchi,jchecchipn@1688.com,Female,71.8.189.168
925,Percy,Hellis,phellispo@squarespace.com,Genderqueer,58.198.160.99
926,Flss,Kunzelmann,fkunzelmannpp@privacy.gov.au,Male,16.191.21.189
927,Elly,Fuente,efuentepq@nps.gov,Male,221.17.165.238
928,Franni,Durnin,fdurninpr@sitemeter.com,Male,223.178.91.170
929,Aili,Challiner,achallinerps@ezinearticles.com,Female,105.183.153.180
930,Ingelbert,Gronaver,igronaverpt@rambler.ru,Male,14.173.39.38
931,Woody,Everitt,weverittpu@bloomberg.com,Male,6.210.4.139
932,Auberta,Commin,acomminpv@mit.edu,Male,175.199.135.14
933,Felike,Flaunier,fflaunierpw@house.gov,Female,116.79.226.210
934,Drud,Baythorp,dbaythorppx@tuttocitta.it,Female,96.196.229.244
935,Mischa,Erangey,merangeypy@surveymonkey.com,Female,232.151.22.168
936,Rosella,Tregent,rtregentpz@toplist.cz,Female,39.195.215.181
937,Lyssa,Rammell,lrammellq0@uiuc.edu,Male,139.202.238.20
938,Hamlin,Claridge,hclaridgeq1@bizjournals.com,Genderqueer,66.86.209.41
939,Flossy,Tuppeny,ftuppenyq2@4shared.com,Male,126.93.199.213
940,Nerta,Allibone,nalliboneq3@yellowpages.com,Female,148.90.157.152
941,Merill,Berntsson,mberntssonq4@blogtalkradio.com,Polygender,60.137.192.185
942,Kimbell,Conklin,kconklinq5@clickbank.net,Male,83.219.184.109
943,Frederic,Antyshev,fantyshevq6@skype.com,Male,82.6.240.43
944,Lancelot,Himsworth,lhimsworthq7@ihg.com,Male,115.100.56.135
945,Pammi,Wilmot,pwilmotq8@virginia.edu,Female,83.188.128.111
946,Leanora,Champerlen,lchamperlenq9@umich.edu,Male,40.74.17.172
947,Pollyanna,Segot,psegotqa@friendfeed.com,Female,138.110.242.3
948,Marcus,Simkovitz,msimkovitzqb@paginegialle.it,Male,11.75.218.53
949,Halie,Batterham,hbatterhamqc@webs.com,Male,24.14.144.193
950,Tammie,Tramel,ttramelqd@princeton.edu,Male,59.82.137.223
951,Lincoln,Yurchenko,lyurchenkoqe@goo.ne.jp,Female,223.14.38.96
952,Arly,Giuroni,agiuroniqf@huffingtonpost.com,Male,161.226.234.41
953,Allistir,Grayson,agraysonqg@xing.com,Female,92.54.209.103
954,Katherine,Rameau,krameauqh@vinaora.com,Female,128.2.62.95
955,Sawyere,Croser,scroserqi@meetup.com,Male,80.215.29.11
956,Rees,Haine,rhaineqj@opensource.org,Male,35.90.25.2
957,Collin,Allsupp,callsuppqk@xrea.com,Female,236.18.128.128
958,Christie,Dellenbrok,cdellenbrokql@multiply.com,Male,68.166.0.7
959,Tommie,Polley,tpolleyqm@deliciousdays.com,Female,135.204.53.70
960,Emery,Alderton,ealdertonqn@vimeo.com,Male,55.185.149.135
961,Anthony,Potzold,apotzoldqo@nsw.gov.au,Female,250.185.116.174
962,Edita,Mardee,emardeeqp@example.com,Female,204.120.31.94
963,Brinna,Dearell,bdearellqq@stumbleupon.com,Female,187.177.172.250
964,Fabiano,Ensor,fensorqr@com.com,Polygender,154.100.34.70
965,Norris,Chanders,nchandersqs@amazon.de,Female,219.146.120.125
966,Anne-marie,Dumbare,adumbareqt@apache.org,Female,213.74.237.85
967,Bartholomeus,Snailham,bsnailhamqu@macromedia.com,Male,122.70.212.203
968,Baron,Swinerd,bswinerdqv@cyberchimps.com,Male,112.119.240.123
969,Nicol,Balfre,nbalfreqw@dion.ne.jp,Male,211.89.164.228
970,Oliver,Temby,otembyqx@jiathis.com,Female,107.164.241.95
971,Anna-maria,Juarez,ajuarezqy@umn.edu,Male,244.26.129.247
972,Abby,Sesons,asesonsqz@ihg.com,Female,16.231.202.242
973,Rafaellle,Burford,rburfordr0@canalblog.com,Female,121.215.0.217
974,Marget,Lapere,mlaperer1@ibm.com,Female,213.199.84.89
975,Chrissy,Menlove,cmenlover2@tmall.com,Male,105.110.186.126
976,Opaline,Pinks,opinksr3@bigcartel.com,Female,161.94.24.30
977,Cathleen,Severns,csevernsr4@springer.com,Non-binary,249.10.246.231
978,Ardelia,Aspole,aaspoler5@weather.com,Male,124.103.20.73
979,Lucky,Catmull,lcatmullr6@over-blog.com,Female,58.20.6.108
980,Babette,Proudman,bproudmanr7@google.co.uk,Female,180.179.70.248
981,Ogdon,Ormshaw,oormshawr8@latimes.com,Male,216.237.230.203
982,Nanny,Godlip,ngodlipr9@answers.com,Male,89.240.88.119
983,Vinny,Bellwood,vbellwoodra@w3.org,Genderqueer,99.194.98.244
984,Perl,Feak,pfeakrb@timesonline.co.uk,Female,179.253.213.161
985,Boycie,Finlayson,bfinlaysonrc@dell.com,Female,220.188.25.66
986,Fidela,Kopps,fkoppsrd@nyu.edu,Female,208.78.24.215
987,Wiley,Smeaton,wsmeatonre@shinystat.com,Male,62.14.219.102
988,Arleyne,Bengle,abenglerf@ebay.co.uk,Female,130.46.45.123
989,Graehme,Ollet,golletrg@admin.ch,Male,86.209.114.209
990,Craig,Bortolazzi,cbortolazzirh@bloglovin.com,Male,243.210.102.162
991,Cyrillus,O' Gara,cogarari@goo.ne.jp,Female,223.97.149.0
992,Brenden,Breakspear,bbreakspearrj@archive.org,Female,76.20.118.216
993,Joey,O'Dare,jodarerk@army.mil,Female,59.89.128.155
994,Teodorico,Gonin,tgoninrl@storify.com,Male,175.73.93.93
995,Daniele,Wolvey,dwolveyrm@princeton.edu,Female,241.95.4.234
996,Ellette,Kaesmans,ekaesmansrn@dropbox.com,Male,23.154.248.210
997,Debee,Renachowski,drenachowskiro@over-blog.com,Polygender,96.224.216.182
998,Raphaela,Axworthy,raxworthyrp@slashdot.org,Female,52.16.30.107
999,Adrianne,Irons,aironsrq@statcounter.com,Female,235.89.55.232
1000,Lind,Danilenko,ldanilenkorr@about.com,Male,43.91.116.87
